question,category,subcategory
ينفع اعدل بيانات في البطاقة الضريبية؟,Taxes,tax_card
انا محتاج تجديد الرخصة بياخد وقت قد ايه؟,Traffic,renewal
ممكن تقولي ازاي مدة سقوط مخالفة المرور كام؟,Traffic,traffic_violations
ممكن حد يفهمني الفرق بين الطلاق والخلع ايه؟,Personal Status,divorce
ممكن تقولي ازاي افرق قيدي عن قيد اهلي؟,Civil Affairs,family_record
لو سمحت عايز اعرف الفاتورة الالكترونية علاقتها بالقيمة المضافة ايه؟,Taxes,vat
انا محتاج القيمة المضافة بتتحصل على ايه بالظبط؟,Taxes,vat
فين اروح علشان تجديد الرخصة بياخد وقت قد ايه؟,Traffic,renewal
ممكن تقولي ازاي احسب ضريبة الدخل على مرتبي؟,Taxes,income_tax
فين اروح علشان رسوم القيد الفردي كام؟,Civil Affairs,individual_record
عايز اعرف اعدل بيانات في شهادة الميلاد؟,Civil Affairs,birth_certificate
لو سمحت عايز اعرف استخرج قيد فردي اونلاين؟,Civil Affairs,individual_record
عايز اعرف المستندات المطلوبة للاقرار الضريبي؟,Taxes,tax_return
لو سمحت عايز اعرف فين اروح علشان اجدد الرخصة بسرعة؟,Traffic,renewal
انا تايه، عايز اعرف رسوم رخصة القيادة كام؟,Traffic,driving_license
ممكن تقولي ازاي المستندات المطلوبة لاستخراج رخصة القيادة؟,Traffic,driving_license
ينفع احذف اسم من القيد العائلي؟,Civil Affairs,family_record
هعمل ايه علشان انقل ملكية عربية لشخص تاني؟,Traffic,vehicle_registration
ممكن حد يفهمني الحالة الاجتماعية في البطاقة بتتغير ازاي؟,Personal Status,social_status
ممكن تقولي ازاي اعدل الحالة الاجتماعية بعد الطلاق؟,Personal Status,social_status
انا محتاج اعدل بيانات في البطاقة الضريبية؟,Taxes,tax_card
ممكن حد يفهمني اعفاءات ضريبة القيمة المضافة على السلع؟,Taxes,vat
هعمل ايه علشان استخرج البطاقة الضريبية؟,Taxes,tax_card
فين اروح علشان اعرف اقرب مكتب سجل مدني لعمل البطاقة؟,Civil Affairs,national_id
انا محتاج اطلاق اجراءاته بتاخد قد ايه؟,Personal Status,divorce
عايز اعرف اعفاءات ضريبة القيمة المضافة على السلع؟,Taxes,vat
انا تايه، عايز اعرف اطلاق اجراءاته بتاخد قد ايه؟,Personal Status,divorce
ممكن حد يفهمني اقدم على رخصة القيادة اونلاين؟,Traffic,driving_license
لو سمحت عايز اعرف تجديد الرخصة بياخد وقت قد ايه؟,Traffic,renewal
انا تايه، عايز اعرف احذف اسم من القيد العائلي؟,Civil Affairs,family_record
عايز اعرف ازاي نسبة ضريبة القيمة المضافة كام؟,Taxes,vat
فين اروح علشان رسوم القيد العائلي كام؟,Civil Affairs,family_record
انا تايه، عايز اعرف اعدل بيانات غلط في قسيمة الطلاق؟,Personal Status,divorce_certificate
ممكن تقولي ازاي اترجم قسيمة الطلاق رسمي؟,Personal Status,divorce_certificate
فين اروح علشان اترجم قسيمة الزواج رسمي؟,Personal Status,marriage_certificate
فين اروح علشان انقل ملكية موتوسيكل ازاي؟,Traffic,vehicle_registration
عايز اعرف ازاي الكشف الطبي لرخصة القيادة بيتعمل فين؟,Traffic,driving_license
ينفع اطلع ايصال دفع مخالفة مرور؟,Traffic,traffic_violations
ينفع غرامة التأخير في سداد القيمة المضافة كام؟,Taxes,vat
عايز اعرف رسوم شهادة الوفاة كام؟,Civil Affairs,death_certificate
هعمل ايه علشان القيمة المضافة بتتحصل على ايه بالظبط؟,Taxes,vat
لو سمحت عايز اعرف اسجل نفسي في مصلحة الضرائب؟,Taxes,tax_registration
عايز اعرف اعدل بيانات في القيد الفردي؟,Civil Affairs,individual_record
ينفع اقدم الاقرار الضريبي السنوي؟,Taxes,tax_return
عايز اعرف ازاي استخرج البطاقة الضريبية اونلاين؟,Taxes,tax_card
عايز اعرف المستندات المطلوبة لاستخراج القيد العائلي؟,Civil Affairs,family_record
هعمل ايه علشان اعدل بيانات غلط في قسيمة الزواج؟,Personal Status,marriage_certificate
انا محتاج المستندات المطلوبة للتسجيل في القيمة المضافة؟,Taxes,vat
انا محتاج اطلع بطاقة ضريبية لمنشأة جديدة؟,Taxes,tax_card
ينفع اطلع بدل فاقد للبطاقة الضريبية؟,Taxes,tax_card
انا تايه، عايز اعرف اقدم على البطاقة القومي اونلاين؟,Civil Affairs,national_id
انا تايه، عايز اعرف اعدل بيانات التسجيل الضريبي؟,Taxes,tax_registration
انا تايه، عايز اعرف مدة استخراج البطاقة القومي بتاخد قد ايه؟,Civil Affairs,national_id
ممكن حد يفهمني اعدل بيانات في رخصة المركبة؟,Traffic,vehicle_license
انا محتاج رخصة القيادة بتاخد وقت قد ايه؟,Traffic,driving_license
هعمل ايه علشان استخرج القيد العائلي اونلاين؟,Civil Affairs,family_record
ممكن تقولي ازاي الحالة الاجتماعية في القيد مش مطابقة اعمل ايه؟,Personal Status,social_status
عايز اعرف ازاي ضريبة الدخل بتتحسب ازاي للمهن الحرة؟,Taxes,income_tax
عايز اعرف استرد ضريبة القيمة المضافة؟,Taxes,vat
عايز اعرف ضريبة الدخل بتتحسب ازاي للمهن الحرة؟,Taxes,income_tax
ممكن حد يفهمني المستندات المطلوبة للتسجيل في القيمة المضافة؟,Taxes,vat
ممكن تقولي ازاي رسوم تسجيل المركبة كام؟,Traffic,vehicle_registration
ممكن تقولي ازاي اطلع بدل فاقد لرخصة القيادة؟,Traffic,driving_license
انا محتاج قسيمة الطلاق هتلزمني في ايه بعد كده؟,Personal Status,divorce_certificate
عايز اعرف ازاي اضيف مولود على القيد العائلي؟,Civil Affairs,family_record
انا تايه، عايز اعرف المستندات المطلوبة للقيد الفردي؟,Civil Affairs,individual_record
انا محتاج غرامة تأخير الاقرار الضريبي كام؟,Taxes,tax_return
انا تايه، عايز اعرف الفاتورة الالكترونية علاقتها بالقيمة المضافة ايه؟,Taxes,vat
لو سمحت عايز اعرف خطوات تجديد الرخصة اونلاين ايه؟,Traffic,renewal
هعمل ايه علشان استخرج رخصة سيارتي الجديدة؟,Traffic,vehicle_license
انا تايه، عايز اعرف المستندات المطلوبة لتسجيل المركبة؟,Traffic,vehicle_registration
فين اروح علشان رسوم شهادة الوفاة كام؟,Civil Affairs,death_certificate
فين اروح علشان القيد الفردي بيتطلب مدة قد ايه؟,Civil Affairs,individual_record
عايز اعرف ازاي اطلع ايصال دفع مخالفة مرور؟,Traffic,traffic_violations
ينفع خطوات تجديد الرخصة اونلاين ايه؟,Traffic,renewal
انا محتاج اجدد رخصة القيادة بعد ما خلصت؟,Traffic,driving_license
فين اروح علشان مدة سقوط مخالفة المرور كام؟,Traffic,traffic_violations
هعمل ايه علشان اعدل بيانات في شهادة الميلاد؟,Civil Affairs,birth_certificate
عايز اعرف ازاي المستندات المطلوبة لتغيير الحالة الاجتماعية؟,Personal Status,social_status
عايز اعرف المستندات المطلوبة لقسيمة الزواج؟,Personal Status,marriage_certificate
عايز اعرف ازاي اطلع قسيمة الزواج من مأذون تاني محافظة؟,Personal Status,marriage_certificate
هعمل ايه علشان اترجم قسيمة الزواج رسمي؟,Personal Status,marriage_certificate
لو سمحت عايز اعرف افسخ تسجيل عربية قديمة؟,Traffic,vehicle_registration
ينفع رسوم تسجيل المركبة كام؟,Traffic,vehicle_registration
فين اروح علشان التسجيل الضريبي فرق ايه عن البطاقة الضريبية؟,Taxes,tax_registration
عايز اعرف استخرج بطاقة الرقم القومي لأول مرة؟,Civil Affairs,national_id
فين اروح علشان اعدل بيانات التسجيل الضريبي؟,Taxes,tax_registration
لو سمحت عايز اعرف اطلع قسيمة طلاق قديمة من الارشيف؟,Personal Status,divorce_certificate
لو سمحت عايز اعرف اعدل الاقرار الضريبي بعد التقديم؟,Taxes,tax_return
هعمل ايه علشان احول رخصة قيادة اجنبية لمصرية؟,Traffic,driving_license
عايز اعرف ازاي اقدم اقرار القيمة المضافة الشهري؟,Taxes,vat
ممكن تقولي ازاي اقدم اقرار ضريبي صفري؟,Taxes,tax_return
ممكن تقولي ازاي اسجل شركتي الجديدة ضريبيا؟,Taxes,tax_registration
عايز اعرف تحديث الحالة الاجتماعية بياخد قد ايه؟,Personal Status,social_status
هعمل ايه علشان اسجل نشاطي التجاري في الضرائب؟,Taxes,tax_registration
فين اروح علشان اعدل بيانات في رخصة القيادة؟,Traffic,driving_license
عايز اعرف شروط اتمام عقد الزواج للمصريين في الخارج؟,Personal Status,marriage
لو سمحت عايز اعرف احسب ضريبة الدخل على مرتبي؟,Taxes,income_tax
انا تايه، عايز اعرف استخرج قسيمة الطلاق؟,Personal Status,divorce_certificate
انا تايه، عايز اعرف اعدل بيانات غلط في قسيمة الزواج؟,Personal Status,marriage_certificate
انا محتاج اطلع شهادة ميلاد لشخص متوفي؟,Civil Affairs,birth_certificate
انا تايه، عايز اعرف مدة سقوط مخالفة المرور كام؟,Traffic,traffic_violations
ممكن حد يفهمني افتح ملف ضريبي لنشاط حر؟,Taxes,tax_registration
ممكن حد يفهمني اعترض على ربط ضريبة الدخل؟,Taxes,income_tax
فين اروح علشان رسوم البطاقة الضريبية كام؟,Taxes,tax_card
هعمل ايه علشان المستندات المطلوبة للاقرار الضريبي؟,Taxes,tax_return
عايز اعرف ازاي اجدد الرخصة لمركبة نقل؟,Traffic,renewal
هعمل ايه علشان اطلق مراتي رسمي ازاي؟,Personal Status,divorce
ممكن حد يفهمني استخرج قسيمة الطلاق؟,Personal Status,divorce_certificate
فين اروح علشان رسوم التسجيل الضريبي كام؟,Taxes,tax_registration
انا تايه، عايز اعرف اوثق عقد جواز اونلاين؟,Personal Status,marriage
عايز اعرف استخرج قيد فردي اونلاين؟,Civil Affairs,individual_record
ممكن حد يفهمني اجدد بطاقة الرقم القومي بتاعتي؟,Civil Affairs,national_id
انا تايه، عايز اعرف استخرج قسيمة الزواج؟,Personal Status,marriage_certificate
ممكن تقولي ازاي المستندات المطلوبة لقسيمة الطلاق؟,Personal Status,divorce_certificate
انا تايه، عايز اعرف اعفاءات ضريبة القيمة المضافة على السلع؟,Taxes,vat
ينفع رسوم رخصة القيادة كام؟,Traffic,driving_license
ينفع اطلع بدل فاقد للقيد الفردي؟,Civil Affairs,individual_record
عايز اعرف ازاي اسجل عربية جديدة في المرور؟,Traffic,vehicle_registration
عايز اعرف افرق بين ضريبة الدخل والضريبة على الارباح؟,Taxes,income_tax
انا محتاج اطلع بدل فاقد لقسيمة الطلاق؟,Personal Status,divorce_certificate
ممكن حد يفهمني اترجم قسيمة الزواج رسمي؟,Personal Status,marriage_certificate
عايز اعرف استخرج قيد فردي؟,Civil Affairs,individual_record
ينفع استخرج شهادة وفاة اونلاين؟,Civil Affairs,death_certificate
ممكن حد يفهمني اعدل بيانات في رخصة القيادة؟,Traffic,driving_license
عايز اعرف ازاي اعدل بيانات غلط في عقد الجواز؟,Personal Status,marriage
فين اروح علشان شروط اتمام عقد الزواج للمصريين في الخارج؟,Personal Status,marriage
عايز اعرف ازاي استخرج قسيمة الزواج؟,Personal Status,marriage_certificate
ينفع اطلع قسيمة الزواج من مأذون تاني محافظة؟,Personal Status,marriage_certificate
ممكن تقولي ازاي مواعيد تقديم الاقرار الضريبي امتى؟,Taxes,tax_return
لو سمحت عايز اعرف اعدل بيانات التسجيل الضريبي؟,Taxes,tax_registration
ممكن حد يفهمني رسوم توثيق عقد الجواز كام؟,Personal Status,marriage
هعمل ايه علشان اتجوز واحدة اجنبية اعمل ايه في الاوراق؟,Personal Status,marriage
عايز اعرف ازاي استخرج قسيمة الطلاق؟,Personal Status,divorce_certificate
عايز اعرف ازاي استرد ضريبة القيمة المضافة؟,Taxes,vat
هعمل ايه علشان شهادة الميلاد المميكنة فرق ايه عن العادية؟,Civil Affairs,birth_certificate
هعمل ايه علشان اترجم قسيمة الطلاق رسمي؟,Personal Status,divorce_certificate
انا محتاج استخرج رخصة سيارتي الجديدة؟,Traffic,vehicle_license
لو سمحت عايز اعرف استخرج رخصة سيارتي الجديدة؟,Traffic,vehicle_license
عايز اعرف ازاي اسجل في ضريبة القيمة المضافة؟,Taxes,vat
لو سمحت عايز اعرف انقل ملكية عربية لشخص تاني؟,Traffic,vehicle_registration
انا محتاج الاقرار الضريبي بيتقدم ازاي اونلاين؟,Taxes,tax_return
ينفع المخالفة هتأثر على تجديد الرخصة ولا لأ؟,Traffic,traffic_violations
لو سمحت عايز اعرف المستندات المطلوبة للقيد الفردي؟,Civil Affairs,individual_record
انا تايه، عايز اعرف اطلع بدل فاقد لقسيمة الطلاق؟,Personal Status,divorce_certificate
فين اروح علشان اسجل عقد جواز عرفي؟,Personal Status,marriage
ينفع ادفع مخالفة المرور اونلاين؟,Traffic,traffic_violations
ينفع اطلع بدل فاقد لقسيمة الطلاق؟,Personal Status,divorce_certificate
لو سمحت عايز اعرف استخرج شهادة وفاة اونلاين؟,Civil Affairs,death_certificate
لو سمحت عايز اعرف محتاج القيد الفردي علشان اقدم عليه فين؟,Civil Affairs,individual_record
ينفع اطلع افادة بالحالة الاجتماعية؟,Personal Status,social_status
عايز اعرف استعلم عن مخالفات عربية مش عربيتي؟,Traffic,traffic_violations
لو سمحت عايز اعرف استرد ضريبة دخل مخصومة زيادة؟,Taxes,income_tax
ينفع استخرج البطاقة الضريبية اونلاين؟,Taxes,tax_card
عايز اعرف ازاي شهادة الوفاة بتتعمل فين بالظبط؟,Civil Affairs,death_certificate
ممكن حد يفهمني رسوم استخراج شهادة الميلاد كام؟,Civil Affairs,birth_certificate
عايز اعرف ازاي الفرق بين الطلاق والخلع ايه؟,Personal Status,divorce
انا محتاج البطاقة الضريبية محتاجها علشان اعمل ايه؟,Taxes,tax_card
ممكن تقولي ازاي اطلع بدل فاقد لشهادة الوفاة؟,Civil Affairs,death_certificate
ممكن تقولي ازاي اتجوز واحدة اجنبية اعمل ايه في الاوراق؟,Personal Status,marriage
ينفع الفرق بين الطلاق والخلع ايه؟,Personal Status,divorce
انا محتاج التسجيل الضريبي فرق ايه عن البطاقة الضريبية؟,Taxes,tax_registration
عايز اعرف اطلع بدل فاقد للبطاقة الضريبية؟,Taxes,tax_card
لو سمحت عايز اعرف اوثق اشهاد طلاق اونلاين؟,Personal Status,divorce
لو سمحت عايز اعرف اعدل بيانات تسجيل المركبة؟,Traffic,vehicle_registration
ممكن حد يفهمني اعمل ايه علشان اقيد وفاة حصلت برا البلد؟,Civil Affairs,death_certificate
انا تايه، عايز اعرف استخرج رخصة سيارتي الجديدة؟,Traffic,vehicle_license
ممكن تقولي ازاي اعترض على مخالفة مرور غلط؟,Traffic,traffic_violations
عايز اعرف ازاي افرق القيد الفردي عن العائلي في ايه؟,Civil Affairs,individual_record
هعمل ايه علشان اطلع شهادة ميلاد كمبيوتر بدل الاول؟,Civil Affairs,birth_certificate
عايز اعرف ازاي اعدل بيانات التسجيل الضريبي؟,Taxes,tax_registration
ممكن حد يفهمني مدة سقوط مخالفة المرور كام؟,Traffic,traffic_violations
انا تايه، عايز اعرف اعدل بيانات في رخصة القيادة؟,Traffic,driving_license
ممكن تقولي ازاي استخرج القيد العائلي اونلاين؟,Civil Affairs,family_record
انا محتاج اعمل ايه لو فاتت مدة تسجيل المولود؟,Civil Affairs,birth_certificate
عايز اعرف اعدل بيانات غلط في القيد العائلي؟,Civil Affairs,family_record
عايز اعرف احول رخصة قيادة اجنبية لمصرية؟,Traffic,driving_license
ممكن تقولي ازاي غرامة التأخير في سداد القيمة المضافة كام؟,Taxes,vat
ممكن حد يفهمني اسجل نفسي في مصلحة الضرائب؟,Taxes,tax_registration
لو سمحت عايز اعرف المستندات المطلوبة لتغيير الحالة الاجتماعية؟,Personal Status,social_status
هعمل ايه علشان انقل ملكية موتوسيكل ازاي؟,Traffic,vehicle_registration
ينفع اعقد عقد جواز جديد؟,Personal Status,marriage
انا تايه، عايز اعرف رسوم شهادة الوفاة كام؟,Civil Affairs,death_certificate
ممكن تقولي ازاي الاقرار الضريبي بيتقدم ازاي اونلاين؟,Taxes,tax_return
انا محتاج اجدد رخصة القيادة قبل ما تخلص؟,Traffic,renewal
ممكن تقولي ازاي اسجل المركبة اونلاين؟,Traffic,vehicle_registration
ممكن تقولي ازاي اعدل بيانات في رخصة القيادة؟,Traffic,driving_license
انا محتاج اسجل مركبة مستوردة جديدة؟,Traffic,vehicle_registration
ممكن حد يفهمني تجديد الرخصة بياخد وقت قد ايه؟,Traffic,renewal
عايز اعرف ازاي اعدل بيانات غلط في قسيمة الطلاق؟,Personal Status,divorce_certificate
فين اروح علشان قسيمة الطلاق بتاخد وقت قد ايه؟,Personal Status,divorce_certificate
انا محتاج اطلع بدل فاقد لشهادة الوفاة؟,Civil Affairs,death_certificate
عايز اعرف ازاي تحديث الحالة الاجتماعية بياخد قد ايه؟,Personal Status,social_status
ممكن حد يفهمني استخرج قيد فردي اونلاين؟,Civil Affairs,individual_record
عايز اعرف ازاي شرايح ضريبة الدخل الحالية ايه؟,Taxes,income_tax
لو سمحت عايز اعرف اجدد الرخصة من غير كشف طبي ينفع؟,Traffic,renewal
هعمل ايه علشان اسجل حالة وفاة في الشئون المدنية؟,Civil Affairs,death_certificate
عايز اعرف اطلع بدل فاقد لقسيمة الزواج؟,Personal Status,marriage_certificate
ممكن حد يفهمني افرق قيدي عن قيد اهلي؟,Civil Affairs,family_record
انا محتاج رسوم توثيق عقد الجواز كام؟,Personal Status,marriage
ممكن تقولي ازاي استخرج قسيمة الزواج؟,Personal Status,marriage_certificate
لو سمحت عايز اعرف اعمل ايه علشان اقيد وفاة حصلت برا البلد؟,Civil Affairs,death_certificate
عايز اعرف اعمل ايه لو فاتت مدة تسجيل المولود؟,Civil Affairs,birth_certificate
ممكن تقولي ازاي اعدل بيانات في رخصة المركبة؟,Traffic,vehicle_license
هعمل ايه علشان اطلع بدل فاقد للبطاقة الشخصية؟,Civil Affairs,national_id
ينفع اعمل ايه لو عايز اطلق زوجتي المقيمة برا البلد؟,Personal Status,divorce
ممكن حد يفهمني اطلع افادة بالحالة الاجتماعية؟,Personal Status,social_status
انا محتاج اطلع قسيمة طلاق قديمة من الارشيف؟,Personal Status,divorce_certificate
ممكن حد يفهمني رسوم البطاقة الضريبية كام؟,Taxes,tax_card
انا تايه، عايز اعرف اطلع بطاقة ضريبية لمنشأة جديدة؟,Taxes,tax_card
انا محتاج اسجل في ضريبة القيمة المضافة؟,Taxes,vat
ممكن تقولي ازاي اعقد عقد جواز جديد؟,Personal Status,marriage
ممكن حد يفهمني اطلع بدل فاقد للقيد الفردي؟,Civil Affairs,individual_record
ممكن تقولي ازاي اجدد الرخصة لمركبة نقل؟,Traffic,renewal
عايز اعرف ازاي المستندات المطلوبة لتجديد الرخصة؟,Traffic,renewal
انا محتاج اعدل اقرار القيمة المضافة بعد التقديم؟,Taxes,vat
عايز اعرف انقل ملكية عربية لشخص تاني؟,Traffic,vehicle_registration
عايز اعرف ازاي اعمل ايه علشان اقيد وفاة حصلت برا البلد؟,Civil Affairs,death_certificate
انا تايه، عايز اعرف فين اروح علشان اجدد الرخصة بسرعة؟,Traffic,renewal
لو سمحت عايز اعرف المستندات المطلوبة للبطاقة الضريبية؟,Taxes,tax_card
ممكن تقولي ازاي شهادة الوفاة لازمة لايه بعد كده؟,Civil Affairs,death_certificate
عايز اعرف ازاي استرد ضريبة دخل مخصومة زيادة؟,Taxes,income_tax
ممكن تقولي ازاي اطلع ايصال دفع مخالفة مرور؟,Traffic,traffic_violations
ينفع استخرج بطاقة الرقم القومي لأول مرة؟,Civil Affairs,national_id
ينفع استخرج قسيمة زواج اونلاين؟,Personal Status,marriage_certificate
عايز اعرف اطلع بدل فاقد لقسيمة الطلاق؟,Personal Status,divorce_certificate
لو سمحت عايز اعرف اعدل الحالة الاجتماعية اونلاين؟,Personal Status,social_status
ممكن حد يفهمني استخرج البطاقة الضريبية اونلاين؟,Taxes,tax_card
فين اروح علشان رخصة القيادة بتاخد وقت قد ايه؟,Traffic,driving_license
هعمل ايه علشان اطلع شهادة ميلاد لشخص متوفي؟,Civil Affairs,birth_certificate
فين اروح علشان المستندات المطلوبة لتغيير الحالة الاجتماعية؟,Personal Status,social_status
عايز اعرف اوثق اشهاد طلاق اونلاين؟,Personal Status,divorce
انا محتاج استخرج قسيمة زواج اونلاين؟,Personal Status,marriage_certificate
ينفع اجدد رخصة السيارة اونلاين؟,Traffic,renewal
انا محتاج المستندات المطلوبة لقسيمة الزواج؟,Personal Status,marriage_certificate
هعمل ايه علشان استخرج بطاقة الرقم القومي لأول مرة؟,Civil Affairs,national_id
عايز اعرف ادفع مخالفة المرور اونلاين؟,Traffic,traffic_violations
ممكن تقولي ازاي ضريبة الدخل على العمل الحر بتتحصل ازاي؟,Taxes,income_tax
عايز اعرف ازاي اقيد مولود جديد في السجل المدني؟,Civil Affairs,birth_certificate
ممكن تقولي ازاي المستندات المطلوبة لاستخراج شهادة الوفاة؟,Civil Affairs,death_certificate
ممكن حد يفهمني اطلع قسيمة طلاق قديمة من الارشيف؟,Personal Status,divorce_certificate
فين اروح علشان رخصة الموتوسيكل بتتجدد ازاي؟,Traffic,vehicle_license
ينفع استعلم عن مخالفات المرور بتاعتي؟,Traffic,traffic_violations
عايز اعرف تسجيل المركبة بياخد وقت قد ايه؟,Traffic,vehicle_registration
عايز اعرف ازاي مدة سقوط مخالفة المرور كام؟,Traffic,traffic_violations
ممكن تقولي ازاي اعمل ايه علشان اقيد وفاة حصلت برا البلد؟,Civil Affairs,death_certificate
ينفع اطلع بطاقة ضريبية لمنشأة جديدة؟,Taxes,tax_card
انا محتاج شهادة الميلاد المميكنة فرق ايه عن العادية؟,Civil Affairs,birth_certificate
انا تايه، عايز اعرف استخرج قيد فردي اونلاين؟,Civil Affairs,individual_record
فين اروح علشان غرامة تأخير الاقرار الضريبي كام؟,Taxes,tax_return
لو سمحت عايز اعرف قسيمة الطلاق هتلزمني في ايه بعد كده؟,Personal Status,divorce_certificate
هعمل ايه علشان اسجل شركتي الجديدة ضريبيا؟,Taxes,tax_registration
ممكن حد يفهمني شهادة الوفاة لازمة لايه بعد كده؟,Civil Affairs,death_certificate
لو سمحت عايز اعرف ابدل بطاقة الرقم القومي بعد ما اتفقدت؟,Civil Affairs,national_id
انا محتاج الفاتورة الالكترونية علاقتها بالقيمة المضافة ايه؟,Taxes,vat
ممكن تقولي ازاي المستندات المطلوبة لتغيير الحالة الاجتماعية؟,Personal Status,social_status
انا محتاج استرد ضريبة القيمة المضافة؟,Taxes,vat
فين اروح علشان المستندات المطلوبة لتسوية ضريبة الدخل؟,Taxes,income_tax
ممكن حد يفهمني اسجل حالة وفاة في الشئون المدنية؟,Civil Affairs,death_certificate
انا تايه، عايز اعرف اعدل العنوان في بطاقة الرقم القومي؟,Civil Affairs,national_id
انا تايه، عايز اعرف اقدم اقرار ضريبي صفري؟,Taxes,tax_return
ممكن تقولي ازاي البطاقة الضريبية بتاخد قد ايه؟,Taxes,tax_card
ممكن حد يفهمني اجدد رخصة عربية متأخرة من سنين؟,Traffic,renewal
ينفع اعدل بيانات غلط في القيد العائلي؟,Civil Affairs,family_record
ينفع اثبت حالتي الاجتماعية لجهة عمل؟,Personal Status,social_status
لو سمحت عايز اعرف المخالفة هتأثر على تجديد الرخصة ولا لأ؟,Traffic,traffic_violations
عايز اعرف ازاي اعدل الحالة الاجتماعية بعد وفاة الزوج؟,Personal Status,social_status
هعمل ايه علشان شروط اتمام عقد الزواج للمصريين في الخارج؟,Personal Status,marriage
هعمل ايه علشان رسوم توثيق الطلاق كام؟,Personal Status,divorce
انا محتاج اقسط غرامة مخالفات المرور؟,Traffic,traffic_violations
لو سمحت عايز اعرف اطلاق اجراءاته بتاخد قد ايه؟,Personal Status,divorce
هعمل ايه علشان استخرج قسيمة الطلاق؟,Personal Status,divorce_certificate
انا تايه، عايز اعرف استرد ضريبة دخل مخصومة زيادة؟,Taxes,income_tax
ممكن تقولي ازاي اطلع قسيمة طلاق قديمة من الارشيف؟,Personal Status,divorce_certificate
انا تايه، عايز اعرف قسيمة الطلاق هتلزمني في ايه بعد كده؟,Personal Status,divorce_certificate
ممكن تقولي ازاي اغير حالتي الاجتماعية من اعزب لمتجوز في الاوراق؟,Personal Status,social_status
فين اروح علشان استخرج البطاقة الضريبية اونلاين؟,Taxes,tax_card
انا محتاج اقدم طلب طلاق للمحكمة ازاي؟,Personal Status,divorce
ينفع شهادة الوفاة لازمة لايه بعد كده؟,Civil Affairs,death_certificate
ممكن تقولي ازاي المستندات المطلوبة للتسجيل الضريبي؟,Taxes,tax_registration
لو سمحت عايز اعرف رسوم استخراج بطاقة الرقم القومي كام؟,Civil Affairs,national_id
فين اروح علشان خطوات تجديد الرخصة اونلاين ايه؟,Traffic,renewal
لو سمحت عايز اعرف اطلع بدل فاقد للبطاقة الضريبية؟,Taxes,tax_card
لو سمحت عايز اعرف اجدد رخصة القيادة بعد ما خلصت؟,Traffic,driving_license
عايز اعرف استخرج قيد عائلي جديد؟,Civil Affairs,family_record
فين اروح علشان المستندات المطلوبة لتجديد الرخصة؟,Traffic,renewal
فين اروح علشان شهادة الميلاد المميكنة فرق ايه عن العادية؟,Civil Affairs,birth_certificate
هعمل ايه علشان اسجل المركبة اونلاين؟,Traffic,vehicle_registration
ممكن حد يفهمني افرق القيد الفردي عن العائلي في ايه؟,Civil Affairs,individual_record
فين اروح علشان شهادة الوفاة بتتعمل فين بالظبط؟,Civil Affairs,death_certificate
هعمل ايه علشان اطلع بدل فاقد للقيد العائلي؟,Civil Affairs,family_record
لو سمحت عايز اعرف المستندات المطلوبة لعقد الزواج؟,Personal Status,marriage
هعمل ايه علشان اسجل نفسي في مصلحة الضرائب؟,Taxes,tax_registration
هعمل ايه علشان اعقد عقد جواز جديد؟,Personal Status,marriage
عايز اعرف رسوم رخصة السيارة كام؟,Traffic,vehicle_license
هعمل ايه علشان رسوم رخصة السيارة كام؟,Traffic,vehicle_license
عايز اعرف اترجم قسيمة الطلاق رسمي؟,Personal Status,divorce_certificate
انا تايه، عايز اعرف رسوم استخراج شهادة الميلاد كام؟,Civil Affairs,birth_certificate
ينفع المستندات المطلوبة للاقرار الضريبي؟,Taxes,tax_return
عايز اعرف ازاي استخرج شهادة ميلاد اونلاين؟,Civil Affairs,birth_certificate
عايز اعرف المستندات المطلوبة لاستخراج شهادة الوفاة؟,Civil Affairs,death_certificate
ينفع التسجيل الضريبي فرق ايه عن البطاقة الضريبية؟,Taxes,tax_registration
ممكن حد يفهمني رسوم شهادة الوفاة كام؟,Civil Affairs,death_certificate
انا محتاج استعلم عن مخالفات المرور بتاعتي؟,Traffic,traffic_violations
هعمل ايه علشان المستندات المطلوبة للقيد الفردي؟,Civil Affairs,individual_record
فين اروح علشان اطلع بدل فاقد للبطاقة الشخصية؟,Civil Affairs,national_id
عايز اعرف ازاي اطلع بدل فاقد لرخصة القيادة؟,Traffic,driving_license
ممكن تقولي ازاي احذف اسم من القيد العائلي؟,Civil Affairs,family_record
انا محتاج اعقد عقد جواز جديد؟,Personal Status,marriage
ينفع المستندات المطلوبة لقسيمة الزواج؟,Personal Status,marriage_certificate
ممكن حد يفهمني اقيد مولود جديد في السجل المدني؟,Civil Affairs,birth_certificate
ممكن تقولي ازاي اعمل ايه لو فاتني ميعاد تقديم الاقرار الضريبي؟,Taxes,tax_return
عايز اعرف ازاي اسجل حالة طلاق في المأذون؟,Personal Status,divorce
انا تايه، عايز اعرف اسجل مركبة مستوردة جديدة؟,Traffic,vehicle_registration
ممكن حد يفهمني المستندات المطلوبة لاستخراج القيد العائلي؟,Civil Affairs,family_record
فين اروح علشان الاقرار الضريبي للشركات فرق ايه عن الافراد؟,Taxes,tax_return
هعمل ايه علشان افرق بين ضريبة الدخل والضريبة على الارباح؟,Taxes,income_tax
هعمل ايه علشان الفرق بين الطلاق والخلع ايه؟,Personal Status,divorce
انا تايه، عايز اعرف الحالة الاجتماعية في القيد مش مطابقة اعمل ايه؟,Personal Status,social_status
فين اروح علشان اوثق عقد جواز اونلاين؟,Personal Status,marriage
ممكن حد يفهمني اطلع بدل فاقد لرخصة القيادة؟,Traffic,driving_license
لو سمحت عايز اعرف اسجل حالة وفاة في الشئون المدنية؟,Civil Affairs,death_certificate
ينفع اجدد الرخصة لمركبة نقل؟,Traffic,renewal
ممكن تقولي ازاي اعدل الحالة الاجتماعية بعد وفاة الزوج؟,Personal Status,social_status
عايز اعرف ازاي اعدل اقرار القيمة المضافة بعد التقديم؟,Taxes,vat
لو سمحت عايز اعرف استخرج البطاقة الضريبية اونلاين؟,Taxes,tax_card
عايز اعرف نسبة ضريبة القيمة المضافة كام؟,Taxes,vat
فين اروح علشان المستندات المطلوبة للقيد الفردي؟,Civil Affairs,individual_record
ممكن حد يفهمني اطلع بدل فاقد لقسيمة الطلاق؟,Personal Status,divorce_certificate
ممكن تقولي ازاي اقدم طلب طلاق للمحكمة ازاي؟,Personal Status,divorce
انا محتاج اعدل بيانات في شهادة الميلاد؟,Civil Affairs,birth_certificate
ممكن تقولي ازاي استعلم عن مخالفات المرور بتاعتي؟,Traffic,traffic_violations
فين اروح علشان ادفع مخالفة المرور اونلاين؟,Traffic,traffic_violations
لو سمحت عايز اعرف استخرج القيد العائلي اونلاين؟,Civil Affairs,family_record
انا تايه، عايز اعرف اسجل حالة طلاق في المأذون؟,Personal Status,divorce
هعمل ايه علشان اسجل ضريبيا اونلاين؟,Taxes,tax_registration
ينفع استرد ضريبة القيمة المضافة؟,Taxes,vat
انا محتاج اعدل بيانات في رخصة المركبة؟,Traffic,vehicle_license
فين اروح علشان اطلع رخصة سيارة نقل تجاري؟,Traffic,vehicle_license
ينفع تحديث الحالة الاجتماعية بياخد قد ايه؟,Personal Status,social_status
ممكن تقولي ازاي استخرج قسيمة الطلاق؟,Personal Status,divorce_certificate
ينفع استخرج قسيمة طلاق اونلاين؟,Personal Status,divorce_certificate
عايز اعرف ازاي قسيمة الطلاق بتاخد وقت قد ايه؟,Personal Status,divorce_certificate
عايز اعرف قسيمة الزواج محتاجها علشان استخرج ايه بعد كده؟,Personal Status,marriage_certificate
هعمل ايه علشان اعترض على مخالفة مرور غلط؟,Traffic,traffic_violations
ينفع اعدل الحالة الاجتماعية بعد الطلاق؟,Personal Status,social_status
لو سمحت عايز اعرف استخرج قيد عائلي جديد؟,Civil Affairs,family_record
فين اروح علشان اقدم طلب طلاق للمحكمة ازاي؟,Personal Status,divorce
عايز اعرف ازاي اقدم طلب طلاق للمحكمة ازاي؟,Personal Status,divorce
ممكن حد يفهمني اعترض على مخالفة مرور غلط؟,Traffic,traffic_violations
ينفع استخرج قسيمة الزواج؟,Personal Status,marriage_certificate
عايز اعرف ازاي ادفع مخالفة المرور اونلاين؟,Traffic,traffic_violations
فين اروح علشان المستندات المطلوبة للطلاق؟,Personal Status,divorce
ممكن حد يفهمني الاقرار الضريبي للشركات فرق ايه عن الافراد؟,Taxes,tax_return
ينفع رسوم قسيمة الطلاق كام؟,Personal Status,divorce_certificate
هعمل ايه علشان الفاتورة الالكترونية علاقتها بالقيمة المضافة ايه؟,Taxes,vat
انا تايه، عايز اعرف غرامة التأخير في سداد القيمة المضافة كام؟,Taxes,vat
فين اروح علشان استخرج قسيمة زواج اونلاين؟,Personal Status,marriage_certificate
عايز اعرف ازاي اعدل بيانات تسجيل المركبة؟,Traffic,vehicle_registration
انا تايه، عايز اعرف رسوم توثيق الطلاق كام؟,Personal Status,divorce
عايز اعرف القيد الفردي بيتطلب مدة قد ايه؟,Civil Affairs,individual_record
فين اروح علشان المستندات المطلوبة لاستخراج رخصة القيادة؟,Traffic,driving_license
انا محتاج مدة سقوط مخالفة المرور كام؟,Traffic,traffic_violations
عايز اعرف ازاي ابدل بطاقة الرقم القومي بعد ما اتفقدت؟,Civil Affairs,national_id
انا تايه، عايز اعرف اقدم اقرار القيمة المضافة الشهري؟,Taxes,vat
لو سمحت عايز اعرف اطلع بدل فاقد لعقد الجواز؟,Personal Status,marriage
عايز اعرف ازاي اطلع بدل فاقد لقسيمة الزواج؟,Personal Status,marriage_certificate
عايز اعرف ازاي الاقرار الضريبي بيتقدم ازاي اونلاين؟,Taxes,tax_return
ممكن حد يفهمني استعلم عن مخالفات عربية مش عربيتي؟,Traffic,traffic_violations
عايز اعرف ازاي رسوم قسيمة الطلاق كام؟,Personal Status,divorce_certificate
انا محتاج اسجل المركبة اونلاين؟,Traffic,vehicle_registration
ينفع اعدل بيانات في شهادة الميلاد؟,Civil Affairs,birth_certificate
ممكن حد يفهمني رسوم قسيمة الطلاق كام؟,Personal Status,divorce_certificate
هعمل ايه علشان اعدل الحالة الاجتماعية بعد وفاة الزوج؟,Personal Status,social_status
ممكن حد يفهمني اثبت حالتي الاجتماعية لجهة عمل؟,Personal Status,social_status
ممكن تقولي ازاي اسجل حالة وفاة في الشئون المدنية؟,Civil Affairs,death_certificate
هعمل ايه علشان رسوم استخراج شهادة الميلاد كام؟,Civil Affairs,birth_certificate
انا محتاج اطلع بدل فاقد لرخصة القيادة؟,Traffic,driving_license
عايز اعرف ازاي اسجل نشاطي التجاري في الضرائب؟,Taxes,tax_registration
فين اروح علشان اطلع قسيمة طلاق قديمة من الارشيف؟,Personal Status,divorce_certificate
ينفع تجديد الرخصة بياخد وقت قد ايه؟,Traffic,renewal
انا تايه، عايز اعرف اطلع بدل فاقد لشهادة الوفاة؟,Civil Affairs,death_certificate
عايز اعرف اثبت حالتي الاجتماعية لجهة عمل؟,Personal Status,social_status
ممكن تقولي ازاي الفرق بين الطلاق والخلع ايه؟,Personal Status,divorce
عايز اعرف استرد ضريبة دخل مخصومة زيادة؟,Taxes,income_tax
لو سمحت عايز اعرف الفرق بين الطلاق والخلع ايه؟,Personal Status,divorce
عايز اعرف ازاي المستندات المطلوبة لقسيمة الطلاق؟,Personal Status,divorce_certificate
ممكن تقولي ازاي خطوات تجديد الرخصة اونلاين ايه؟,Traffic,renewal
عايز اعرف ازاي اعمل ايه لو فاتت مدة تسجيل المولود؟,Civil Affairs,birth_certificate
ينفع عقد الجواز بياخد وقت قد ايه؟,Personal Status,marriage
لو سمحت عايز اعرف اعترض على ربط ضريبة الدخل؟,Taxes,income_tax
انا محتاج قسيمة الطلاق بتاخد وقت قد ايه؟,Personal Status,divorce_certificate
عايز اعرف استخرج قسيمة زواج اونلاين؟,Personal Status,marriage_certificate
عايز اعرف ابدل بطاقة الرقم القومي بعد ما اتفقدت؟,Civil Affairs,national_id
ينفع الكشف الطبي لرخصة القيادة بيتعمل فين؟,Traffic,driving_license
عايز اعرف ازاي اسجل عقد جواز عرفي؟,Personal Status,marriage
هعمل ايه علشان رسوم البطاقة الضريبية كام؟,Taxes,tax_card
فين اروح علشان اعدل اقرار القيمة المضافة بعد التقديم؟,Taxes,vat
عايز اعرف ازاي اعدل بيانات في رخصة المركبة؟,Traffic,vehicle_license
ممكن تقولي ازاي رسوم التسجيل الضريبي كام؟,Taxes,tax_registration
عايز اعرف ازاي المستندات المطلوبة لتسوية ضريبة الدخل؟,Taxes,income_tax
عايز اعرف ازاي المستندات المطلوبة لعمل بطاقة رقم قومي؟,Civil Affairs,national_id
انا محتاج اجدد رخصة عربية متأخرة من سنين؟,Traffic,renewal
انا تايه، عايز اعرف اعدل بيانات تسجيل المركبة؟,Traffic,vehicle_registration
انا محتاج تسجيل المركبة بياخد وقت قد ايه؟,Traffic,vehicle_registration
فين اروح علشان الفاتورة الالكترونية علاقتها بالقيمة المضافة ايه؟,Taxes,vat
عايز اعرف ازاي المستندات المطلوبة للتسجيل الضريبي؟,Taxes,tax_registration
ممكن تقولي ازاي المستندات المطلوبة لقسيمة الزواج؟,Personal Status,marriage_certificate
عايز اعرف ازاي اطلع بطاقة ضريبية لمنشأة جديدة؟,Taxes,tax_card
ممكن حد يفهمني افسخ تسجيل عربية قديمة؟,Traffic,vehicle_registration
انا تايه، عايز اعرف اعقد عقد جواز جديد؟,Personal Status,marriage
انا محتاج استخرج البطاقة الضريبية اونلاين؟,Taxes,tax_card
ممكن تقولي ازاي اسجل نفسي في مصلحة الضرائب؟,Taxes,tax_registration
ممكن تقولي ازاي اطلع بدل فاقد لقسيمة الطلاق؟,Personal Status,divorce_certificate
لو سمحت عايز اعرف اجدد الرخصة لمركبة نقل؟,Traffic,renewal
ممكن تقولي ازاي اعدل بيانات في شهادة الميلاد؟,Civil Affairs,birth_certificate
انا تايه، عايز اعرف اعمل ايه لو فاتت مدة تسجيل المولود؟,Civil Affairs,birth_certificate
لو سمحت عايز اعرف تحديث الحالة الاجتماعية بياخد قد ايه؟,Personal Status,social_status
ممكن حد يفهمني استخرج القيد العائلي اونلاين؟,Civil Affairs,family_record
انا محتاج استخرج شهادة وفاة لأبويا؟,Civil Affairs,death_certificate
ينفع اعدل اقرار القيمة المضافة بعد التقديم؟,Taxes,vat
هعمل ايه علشان اعدل بيانات في البطاقة الضريبية؟,Taxes,tax_card
عايز اعرف ازاي استخرج قسيمة طلاق اونلاين؟,Personal Status,divorce_certificate
ممكن حد يفهمني رسوم القيد الفردي كام؟,Civil Affairs,individual_record
عايز اعرف اطلع بدل فاقد لعقد الجواز؟,Personal Status,marriage
هعمل ايه علشان اعدل اقرار القيمة المضافة بعد التقديم؟,Taxes,vat
لو سمحت عايز اعرف المستندات المطلوبة لقسيمة الطلاق؟,Personal Status,divorce_certificate
ممكن تقولي ازاي رسوم القيد الفردي كام؟,Civil Affairs,individual_record
انا محتاج اعترض على مخالفة مرور غلط؟,Traffic,traffic_violations
عايز اعرف ازاي غرامة تأخير تجديد الرخصة كام؟,Traffic,renewal
عايز اعرف ازاي غرامة تأخير الاقرار الضريبي كام؟,Taxes,tax_return
ممكن تقولي ازاي المستندات المطلوبة لعمل بطاقة رقم قومي؟,Civil Affairs,national_id
ممكن حد يفهمني المستندات المطلوبة لتغيير الحالة الاجتماعية؟,Personal Status,social_status
انا محتاج اقدم على رخصة القيادة اونلاين؟,Traffic,driving_license
عايز اعرف اسجل في ضريبة القيمة المضافة؟,Taxes,vat
لو سمحت عايز اعرف مدة استخراج البطاقة القومي بتاخد قد ايه؟,Civil Affairs,national_id
ينفع مدة استخراج البطاقة القومي بتاخد قد ايه؟,Civil Affairs,national_id
لو سمحت عايز اعرف اطلع شهادة ميلاد لشخص متوفي؟,Civil Affairs,birth_certificate
لو سمحت عايز اعرف غرامة تأخير تجديد الرخصة كام؟,Traffic,renewal
انا محتاج استخرج رخصة قيادة جديدة؟,Traffic,driving_license
ممكن تقولي ازاي فين اروح علشان اجدد الرخصة بسرعة؟,Traffic,renewal
عايز اعرف ازاي اترجم قسيمة الزواج رسمي؟,Personal Status,marriage_certificate
عايز اعرف ازاي المستندات المطلوبة للبطاقة الضريبية؟,Taxes,tax_card
فين اروح علشان اجدد رخصة القيادة بعد ما خلصت؟,Traffic,driving_license
فين اروح علشان المستندات المطلوبة لقسيمة الزواج؟,Personal Status,marriage_certificate
هعمل ايه علشان اعدل بيانات غلط في قسيمة الطلاق؟,Personal Status,divorce_certificate
انا محتاج الاقرار الضريبي للشركات فرق ايه عن الافراد؟,Taxes,tax_return
ممكن حد يفهمني اتجوز واحدة اجنبية اعمل ايه في الاوراق؟,Personal Status,marriage
عايز اعرف استخرج القيد العائلي اونلاين؟,Civil Affairs,family_record
عايز اعرف ازاي رسوم قسيمة الزواج كام؟,Personal Status,marriage_certificate
عايز اعرف اعمل ايه لو فاتني ميعاد تقديم الاقرار الضريبي؟,Taxes,tax_return
ممكن حد يفهمني المستندات المطلوبة للاقرار الضريبي؟,Taxes,tax_return
انا محتاج اعدل بيانات غلط في قسيمة الطلاق؟,Personal Status,divorce_certificate
فين اروح علشان اتجوز واحدة اجنبية اعمل ايه في الاوراق؟,Personal Status,marriage
ممكن حد يفهمني اعدل بيانات تسجيل المركبة؟,Traffic,vehicle_registration
هعمل ايه علشان استخرج شهادة وفاة اونلاين؟,Civil Affairs,death_certificate
عايز اعرف ازاي اسجل ضريبيا اونلاين؟,Taxes,tax_registration
عايز اعرف اسجل مركبة مستوردة جديدة؟,Traffic,vehicle_registration
عايز اعرف افسخ تسجيل عربية قديمة؟,Traffic,vehicle_registration
هعمل ايه علشان اعدل بيانات تسجيل المركبة؟,Traffic,vehicle_registration
هعمل ايه علشان اعدل العنوان في بطاقة الرقم القومي؟,Civil Affairs,national_id
انا محتاج اضيف مولود على القيد العائلي؟,Civil Affairs,family_record
عايز اعرف ازاي افرق قيدي عن قيد اهلي؟,Civil Affairs,family_record
ممكن حد يفهمني قسيمة الطلاق هتلزمني في ايه بعد كده؟,Personal Status,divorce_certificate
انا تايه، عايز اعرف استعلم عن مخالفات عربية مش عربيتي؟,Traffic,traffic_violations
فين اروح علشان اطلع بدل فاقد للقيد العائلي؟,Civil Affairs,family_record
فين اروح علشان رسوم قسيمة الزواج كام؟,Personal Status,marriage_certificate
ممكن حد يفهمني اطلع شهادة ميلاد لشخص متوفي؟,Civil Affairs,birth_certificate
ينفع اسجل في ضريبة القيمة المضافة؟,Taxes,vat
لو سمحت عايز اعرف المستندات المطلوبة لتسجيل المركبة؟,Traffic,vehicle_registration
عايز اعرف ازاي الاقرار الضريبي للشركات فرق ايه عن الافراد؟,Taxes,tax_return
فين اروح علشان اعقد عقد جواز جديد؟,Personal Status,marriage
عايز اعرف اعمل ايه لو عايز اطلق زوجتي المقيمة برا البلد؟,Personal Status,divorce
فين اروح علشان اعمل ايه لو فاتت مدة تسجيل المولود؟,Civil Affairs,birth_certificate
انا تايه، عايز اعرف استخرج البطاقة الضريبية؟,Taxes,tax_card
ممكن حد يفهمني اطلع افادة طلاق رسمية؟,Personal Status,divorce
هعمل ايه علشان الحالة الاجتماعية في القيد مش مطابقة اعمل ايه؟,Personal Status,social_status
انا تايه، عايز اعرف المستندات المطلوبة للاقرار الضريبي؟,Taxes,tax_return
لو سمحت عايز اعرف رخصة الموتوسيكل بتتجدد ازاي؟,Traffic,vehicle_license
انا تايه، عايز اعرف استرد ضريبة القيمة المضافة؟,Taxes,vat
فين اروح علشان اعدل الحالة الاجتماعية بعد الطلاق؟,Personal Status,social_status
فين اروح علشان استخرج شهادة وفاة لأبويا؟,Civil Affairs,death_certificate
عايز اعرف رسوم القيد الفردي كام؟,Civil Affairs,individual_record
ممكن تقولي ازاي رسوم شهادة الوفاة كام؟,Civil Affairs,death_certificate
لو سمحت عايز اعرف اجدد رخصة القيادة قبل ما تخلص؟,Traffic,renewal
فين اروح علشان اجدد الرخصة لمركبة نقل؟,Traffic,renewal
ممكن تقولي ازاي اطلع بدل فاقد لعقد الجواز؟,Personal Status,marriage
لو سمحت عايز اعرف اعقد عقد جواز جديد؟,Personal Status,marriage
انا تايه، عايز اعرف قسيمة الزواج بتاخد قد ايه؟,Personal Status,marriage_certificate
انا تايه، عايز اعرف اسجل حالة وفاة في الشئون المدنية؟,Civil Affairs,death_certificate
فين اروح علشان اوثق اشهاد طلاق اونلاين؟,Personal Status,divorce
ينفع اقسط ضريبة الدخل المستحقة عليا؟,Taxes,income_tax
ممكن تقولي ازاي اجدد البطاقة الضريبية بعد ما خلصت؟,Taxes,tax_card
ممكن تقولي ازاي مدة استخراج البطاقة القومي بتاخد قد ايه؟,Civil Affairs,national_id
ممكن حد يفهمني المستندات المطلوبة لاستخراج رخصة القيادة؟,Traffic,driving_license
عايز اعرف القيمة المضافة بتتحصل على ايه بالظبط؟,Taxes,vat
لو سمحت عايز اعرف اعترض على مخالفة مرور غلط؟,Traffic,traffic_violations
ينفع اعدل بيانات غلط في قسيمة الطلاق؟,Personal Status,divorce_certificate
فين اروح علشان رسوم توثيق الطلاق كام؟,Personal Status,divorce
انا تايه، عايز اعرف احسب ضريبة الدخل على مرتبي؟,Taxes,income_tax
انا تايه، عايز اعرف اطلع بدل فاقد للقيد الفردي؟,Civil Affairs,individual_record
هعمل ايه علشان شهادة الوفاة لازمة لايه بعد كده؟,Civil Affairs,death_certificate
عايز اعرف اسجل عقد جواز عرفي؟,Personal Status,marriage
لو سمحت عايز اعرف رسوم القيد الفردي كام؟,Civil Affairs,individual_record
فين اروح علشان رسوم رخصة القيادة كام؟,Traffic,driving_license
انا تايه، عايز اعرف رسوم القيد الفردي كام؟,Civil Affairs,individual_record
ممكن حد يفهمني استرد ضريبة دخل مخصومة زيادة؟,Taxes,income_tax
انا محتاج رسوم رخصة القيادة كام؟,Traffic,driving_license
فين اروح علشان اعترض على ربط ضريبة الدخل؟,Taxes,income_tax
عايز اعرف رسوم استخراج بطاقة الرقم القومي كام؟,Civil Affairs,national_id
ممكن تقولي ازاي اجدد الرخصة من غير كشف طبي ينفع؟,Traffic,renewal
انا محتاج اعدل بيانات في القيد الفردي؟,Civil Affairs,individual_record
عايز اعرف ازاي المستندات المطلوبة لعقد الزواج؟,Personal Status,marriage
ممكن حد يفهمني غرامة تأخير تجديد الرخصة كام؟,Traffic,renewal
ممكن حد يفهمني اترجم قسيمة الطلاق رسمي؟,Personal Status,divorce_certificate
انا محتاج رسوم قسيمة الزواج كام؟,Personal Status,marriage_certificate
فين اروح علشان رسوم استخراج بطاقة الرقم القومي كام؟,Civil Affairs,national_id
فين اروح علشان البطاقة الضريبية محتاجها علشان اعمل ايه؟,Taxes,tax_card
ينفع شهادة الوفاة بتتعمل فين بالظبط؟,Civil Affairs,death_certificate
عايز اعرف تجديد الرخصة بياخد وقت قد ايه؟,Traffic,renewal
ينفع شهادة الميلاد المميكنة فرق ايه عن العادية؟,Civil Affairs,birth_certificate
انا محتاج افرق بين ضريبة الدخل والضريبة على الارباح؟,Taxes,income_tax
لو سمحت عايز اعرف اجدد رخصة العربية بعد الانتهاء؟,Traffic,vehicle_license
هعمل ايه علشان قسيمة الطلاق هتلزمني في ايه بعد كده؟,Personal Status,divorce_certificate
ممكن حد يفهمني الاقرار الضريبي بيتقدم ازاي اونلاين؟,Taxes,tax_return
عايز اعرف ازاي التسجيل الضريبي فرق ايه عن البطاقة الضريبية؟,Taxes,tax_registration
هعمل ايه علشان اعمل ايه لو فاتت مدة تسجيل المولود؟,Civil Affairs,birth_certificate
ممكن تقولي ازاي اعدل بيانات خطأ في شهادة الوفاة؟,Civil Affairs,death_certificate
ممكن حد يفهمني اطلع نسخة من اقرار ضريبي قديم؟,Taxes,tax_return
هعمل ايه علشان اجدد رخصة القيادة قبل ما تخلص؟,Traffic,renewal
عايز اعرف المستندات المطلوبة لعقد الزواج؟,Personal Status,marriage
هعمل ايه علشان اقسط غرامة مخالفات المرور؟,Traffic,traffic_violations
هعمل ايه علشان اثبت حالتي الاجتماعية لجهة عمل؟,Personal Status,social_status
ممكن تقولي ازاي اعدل بيانات غلط في قسيمة الطلاق؟,Personal Status,divorce_certificate
عايز اعرف اطلع بدل فاقد لشهادة الوفاة؟,Civil Affairs,death_certificate
ينفع اقسط غرامة مخالفات المرور؟,Traffic,traffic_violations
هعمل ايه علشان مواعيد تقديم الاقرار الضريبي امتى؟,Taxes,tax_return
ممكن تقولي ازاي اجدد رخصة العربية بعد الانتهاء؟,Traffic,vehicle_license
انا تايه، عايز اعرف اطلع قيد فردي لابني الصغير؟,Civil Affairs,individual_record
انا تايه، عايز اعرف الاقرار الضريبي بيتقدم ازاي اونلاين؟,Taxes,tax_return
عايز اعرف ازاي اعدل بيانات في رخصة القيادة؟,Traffic,driving_license
هعمل ايه علشان تجديد الرخصة بياخد وقت قد ايه؟,Traffic,renewal
انا محتاج القيد العائلي بياخد وقت قد ايه؟,Civil Affairs,family_record
فين اروح علشان التسجيل الضريبي بياخد وقت قد ايه؟,Taxes,tax_registration
انا تايه، عايز اعرف رسوم التسجيل الضريبي كام؟,Taxes,tax_registration
عايز اعرف رسوم رخصة القيادة كام؟,Traffic,driving_license
ينفع اقدم اقرار القيمة المضافة الشهري؟,Taxes,vat
عايز اعرف ازاي رسوم التسجيل الضريبي كام؟,Taxes,tax_registration
ممكن حد يفهمني اقدم الاقرار الضريبي السنوي؟,Taxes,tax_return
انا تايه، عايز اعرف استخرج قسيمة زواج اونلاين؟,Personal Status,marriage_certificate
عايز اعرف ازاي مواعيد تقديم الاقرار الضريبي امتى؟,Taxes,tax_return
ينفع اعدل الحالة الاجتماعية اونلاين؟,Personal Status,social_status
انا تايه، عايز اعرف القيد العائلي بياخد وقت قد ايه؟,Civil Affairs,family_record
انا تايه، عايز اعرف المخالفة هتأثر على تجديد الرخصة ولا لأ؟,Traffic,traffic_violations
ينفع اطلع قيد فردي لابني الصغير؟,Civil Affairs,individual_record
انا تايه، عايز اعرف اعدل الحالة الاجتماعية اونلاين؟,Personal Status,social_status
ممكن تقولي ازاي اترجم قسيمة الزواج رسمي؟,Personal Status,marriage_certificate
انا محتاج استخرج قيد فردي اونلاين؟,Civil Affairs,individual_record
هعمل ايه علشان استخرج قيد فردي اونلاين؟,Civil Affairs,individual_record
عايز اعرف ازاي رسوم رخصة السيارة كام؟,Traffic,vehicle_license
عايز اعرف ازاي اجدد رخصة العربية اونلاين؟,Traffic,vehicle_license
ممكن حد يفهمني اجدد الرخصة من غير كشف طبي ينفع؟,Traffic,renewal
لو سمحت عايز اعرف اسجل ضريبيا اونلاين؟,Taxes,tax_registration
هعمل ايه علشان رسوم القيد العائلي كام؟,Civil Affairs,family_record
فين اروح علشان اطلع قسيمة الزواج من مأذون تاني محافظة؟,Personal Status,marriage_certificate
انا محتاج اعدل بيانات غلط في قسيمة الزواج؟,Personal Status,marriage_certificate
هعمل ايه علشان رخصة القيادة بتاخد وقت قد ايه؟,Traffic,driving_license
فين اروح علشان استخرج القيد العائلي اونلاين؟,Civil Affairs,family_record
انا تايه، عايز اعرف اعدل بيانات في القيد الفردي؟,Civil Affairs,individual_record
انا محتاج اجدد الرخصة لمركبة نقل؟,Traffic,renewal
عايز اعرف استخرج البطاقة الضريبية؟,Taxes,tax_card
عايز اعرف ازاي افسخ تسجيل عربية قديمة؟,Traffic,vehicle_registration
ينفع اطلع بدل فاقد للقيد العائلي؟,Civil Affairs,family_record
عايز اعرف مخالفات المرور بتتحسب ازاي؟,Traffic,traffic_violations
عايز اعرف ازاي المستندات المطلوبة لقسيمة الزواج؟,Personal Status,marriage_certificate
هعمل ايه علشان ضريبة الدخل بتتحسب ازاي للمهن الحرة؟,Taxes,income_tax
انا تايه، عايز اعرف اعترض على مخالفة مرور غلط؟,Traffic,traffic_violations
ممكن حد يفهمني انقل ملكية موتوسيكل ازاي؟,Traffic,vehicle_registration
ممكن حد يفهمني البطاقة الضريبية بتاخد قد ايه؟,Taxes,tax_card
عايز اعرف ازاي الحالة الاجتماعية في القيد مش مطابقة اعمل ايه؟,Personal Status,social_status
عايز اعرف المخالفة هتأثر على تجديد الرخصة ولا لأ؟,Traffic,traffic_violations
ممكن حد يفهمني اوثق اشهاد طلاق اونلاين؟,Personal Status,divorce
لو سمحت عايز اعرف اعدل بيانات غلط في عقد الجواز؟,Personal Status,marriage
فين اروح علشان اطلع بدل فاقد للقيد الفردي؟,Civil Affairs,individual_record
عايز اعرف ازاي اعدل بيانات في البطاقة الضريبية؟,Taxes,tax_card
عايز اعرف اجدد بطاقة الرقم القومي بتاعتي؟,Civil Affairs,national_id
ينفع استخرج قسيمة الطلاق؟,Personal Status,divorce_certificate
عايز اعرف اقدم الاقرار الضريبي السنوي؟,Taxes,tax_return
عايز اعرف قسيمة الطلاق هتلزمني في ايه بعد كده؟,Personal Status,divorce_certificate
ممكن حد يفهمني غرامة تأخير الاقرار الضريبي كام؟,Taxes,tax_return
ينفع رسوم استخراج بطاقة الرقم القومي كام؟,Civil Affairs,national_id
عايز اعرف ازاي رخصة القيادة بتاخد وقت قد ايه؟,Traffic,driving_license
ممكن تقولي ازاي اسجل ضريبيا اونلاين؟,Taxes,tax_registration
عايز اعرف رسوم استخراج شهادة الميلاد كام؟,Civil Affairs,birth_certificate
ممكن تقولي ازاي اجدد رخصة القيادة بعد ما خلصت؟,Traffic,driving_license
انا تايه، عايز اعرف اطلع رخصة سيارة نقل تجاري؟,Traffic,vehicle_license
عايز اعرف ازاي اطلع بدل فاقد للقيد الفردي؟,Civil Affairs,individual_record
انا تايه، عايز اعرف استخرج شهادة وفاة اونلاين؟,Civil Affairs,death_certificate
ممكن حد يفهمني اطلع بدل فاقد لقسيمة الزواج؟,Personal Status,marriage_certificate
ممكن حد يفهمني اعدل الاقرار الضريبي بعد التقديم؟,Taxes,tax_return
هعمل ايه علشان التسجيل الضريبي بياخد وقت قد ايه؟,Taxes,tax_registration
ينفع اطلع رخصة سيارة نقل تجاري؟,Traffic,vehicle_license
لو سمحت عايز اعرف الاقرار الضريبي بيتقدم ازاي اونلاين؟,Taxes,tax_return
ممكن تقولي ازاي اطلع افادة طلاق رسمية؟,Personal Status,divorce
انا محتاج اجدد بطاقة الرقم القومي بتاعتي؟,Civil Affairs,national_id
عايز اعرف ازاي المستندات المطلوبة للاقرار الضريبي؟,Taxes,tax_return
انا محتاج رسوم توثيق الطلاق كام؟,Personal Status,divorce
عايز اعرف ازاي رسوم شهادة الوفاة كام؟,Civil Affairs,death_certificate
عايز اعرف ازاي شهادة الميلاد المميكنة فرق ايه عن العادية؟,Civil Affairs,birth_certificate
هعمل ايه علشان القيد العائلي بياخد وقت قد ايه؟,Civil Affairs,family_record
عايز اعرف رسوم قسيمة الطلاق كام؟,Personal Status,divorce_certificate
عايز اعرف البطاقة الضريبية بتاخد قد ايه؟,Taxes,tax_card
لو سمحت عايز اعرف احذف اسم من القيد العائلي؟,Civil Affairs,family_record
انا محتاج اسجل عقد جواز عرفي؟,Personal Status,marriage
ينفع غرامة تأخير تجديد الرخصة كام؟,Traffic,renewal
لو سمحت عايز اعرف استخرج بطاقة الرقم القومي لأول مرة؟,Civil Affairs,national_id
ينفع اجدد رخصة عربية متأخرة من سنين؟,Traffic,renewal
انا تايه، عايز اعرف اجدد رخصة القيادة بعد ما خلصت؟,Traffic,driving_license
انا محتاج المستندات المطلوبة للقيد الفردي؟,Civil Affairs,individual_record
عايز اعرف اعقد عقد جواز جديد؟,Personal Status,marriage
انا محتاج المستندات المطلوبة لرخصة المركبة؟,Traffic,vehicle_license
انا تايه، عايز اعرف اعترض على ربط ضريبة الدخل؟,Taxes,income_tax
فين اروح علشان اطلع افادة طلاق رسمية؟,Personal Status,divorce
ينفع المستندات المطلوبة لشهادة الميلاد؟,Civil Affairs,birth_certificate
ممكن حد يفهمني اسجل ضريبيا اونلاين؟,Taxes,tax_registration
فين اروح علشان استعلم عن مخالفات عربية مش عربيتي؟,Traffic,traffic_violations
انا محتاج رسوم البطاقة الضريبية كام؟,Taxes,tax_card
لو سمحت عايز اعرف رسوم قسيمة الزواج كام؟,Personal Status,marriage_certificate
لو سمحت عايز اعرف اسجل مركبة مستوردة جديدة؟,Traffic,vehicle_registration
ممكن تقولي ازاي نسبة ضريبة القيمة المضافة كام؟,Taxes,vat
هعمل ايه علشان الاقرار الضريبي بيتقدم ازاي اونلاين؟,Taxes,tax_return
انا تايه، عايز اعرف المستندات المطلوبة لقسيمة الزواج؟,Personal Status,marriage_certificate
ممكن حد يفهمني المستندات المطلوبة لاستخراج شهادة الوفاة؟,Civil Affairs,death_certificate
ممكن حد يفهمني رسوم رخصة القيادة كام؟,Traffic,driving_license
لو سمحت عايز اعرف القيد الفردي بيتطلب مدة قد ايه؟,Civil Affairs,individual_record
ممكن تقولي ازاي اطلع بدل فاقد للقيد العائلي؟,Civil Affairs,family_record
ينفع اطلع بدل فاقد لعقد الجواز؟,Personal Status,marriage
انا تايه، عايز اعرف اطلع بدل فاقد لعقد الجواز؟,Personal Status,marriage
انا محتاج اطلع بدل فاقد للقيد العائلي؟,Civil Affairs,family_record
انا تايه، عايز اعرف المستندات المطلوبة لاستخراج القيد العائلي؟,Civil Affairs,family_record
فين اروح علشان اقدم اقرار ضريبي صفري؟,Taxes,tax_return
فين اروح علشان محتاج القيد الفردي علشان اقدم عليه فين؟,Civil Affairs,individual_record
لو سمحت عايز اعرف اقدم طلب طلاق للمحكمة ازاي؟,Personal Status,divorce
فين اروح علشان اطلع ايصال دفع مخالفة مرور؟,Traffic,traffic_violations
ممكن تقولي ازاي تجديد الرخصة بياخد وقت قد ايه؟,Traffic,renewal
ممكن تقولي ازاي اطلع بطاقة ضريبية لمنشأة جديدة؟,Taxes,tax_card
انا تايه، عايز اعرف اعدل الاقرار الضريبي بعد التقديم؟,Taxes,tax_return
ممكن حد يفهمني استخرج البطاقة الضريبية؟,Taxes,tax_card
فين اروح علشان رسوم رخصة السيارة كام؟,Traffic,vehicle_license
عايز اعرف ازاي اعمل ايه لو عايز اطلق زوجتي المقيمة برا البلد؟,Personal Status,divorce
لو سمحت عايز اعرف اطلع بطاقة ضريبية لمنشأة جديدة؟,Taxes,tax_card
عايز اعرف ازاي اطلع افادة طلاق رسمية؟,Personal Status,divorce
عايز اعرف ازاي المستندات المطلوبة لتسجيل المركبة؟,Traffic,vehicle_registration
عايز اعرف ازاي المستندات المطلوبة لشهادة الميلاد؟,Civil Affairs,birth_certificate
انا محتاج المستندات المطلوبة للطلاق؟,Personal Status,divorce
لو سمحت عايز اعرف اسجل شركتي الجديدة ضريبيا؟,Taxes,tax_registration
ينفع البطاقة الضريبية محتاجها علشان اعمل ايه؟,Taxes,tax_card
ينفع اسجل مركبة مستوردة جديدة؟,Traffic,vehicle_registration
ينفع احول رخصة قيادة اجنبية لمصرية؟,Traffic,driving_license
انا محتاج اقيد مولود جديد في السجل المدني؟,Civil Affairs,birth_certificate
فين اروح علشان المستندات المطلوبة للتسجيل الضريبي؟,Taxes,tax_registration
ممكن حد يفهمني اطلع بدل فاقد للبطاقة الشخصية؟,Civil Affairs,national_id
لو سمحت عايز اعرف اعدل اقرار القيمة المضافة بعد التقديم؟,Taxes,vat
انا تايه، عايز اعرف الفرق بين الطلاق والخلع ايه؟,Personal Status,divorce
لو سمحت عايز اعرف اطلع افادة طلاق رسمية؟,Personal Status,divorce
انا تايه، عايز اعرف رسوم قسيمة الزواج كام؟,Personal Status,marriage_certificate
انا تايه، عايز اعرف رسوم قسيمة الطلاق كام؟,Personal Status,divorce_certificate
عايز اعرف غرامة التأخير في سداد القيمة المضافة كام؟,Taxes,vat
ممكن تقولي ازاي استخرج قيد فردي اونلاين؟,Civil Affairs,individual_record
ينفع اجدد رخصة القيادة قبل ما تخلص؟,Traffic,renewal
ممكن حد يفهمني اعدل بيانات في البطاقة الضريبية؟,Taxes,tax_card
ممكن تقولي ازاي رسوم توثيق عقد الجواز كام؟,Personal Status,marriage
انا محتاج المستندات المطلوبة لتسجيل المركبة؟,Traffic,vehicle_registration
انا محتاج ادفع مخالفة المرور اونلاين؟,Traffic,traffic_violations
لو سمحت عايز اعرف استخرج شهادة ميلاد لابني؟,Civil Affairs,birth_certificate
ممكن حد يفهمني التسجيل الضريبي فرق ايه عن البطاقة الضريبية؟,Taxes,tax_registration
انا تايه، عايز اعرف اطلع بدل فاقد للقيد العائلي؟,Civil Affairs,family_record
عايز اعرف رخصة الموتوسيكل بتتجدد ازاي؟,Traffic,vehicle_license
عايز اعرف اعدل بيانات غلط في عقد الجواز؟,Personal Status,marriage
ممكن تقولي ازاي الكشف الطبي لرخصة القيادة بيتعمل فين؟,Traffic,driving_license
ممكن حد يفهمني اغير حالتي الاجتماعية من اعزب لمتجوز في الاوراق؟,Personal Status,social_status
انا محتاج المستندات المطلوبة لتسوية ضريبة الدخل؟,Taxes,income_tax
ينفع رسوم القيد الفردي كام؟,Civil Affairs,individual_record
ممكن حد يفهمني استخرج بطاقة الرقم القومي لأول مرة؟,Civil Affairs,national_id
ممكن تقولي ازاي اطلع بدل فاقد للقيد الفردي؟,Civil Affairs,individual_record
ينفع المستندات المطلوبة لتسوية ضريبة الدخل؟,Taxes,income_tax
عايز اعرف ازاي اعدل بيانات في القيد الفردي؟,Civil Affairs,individual_record
هعمل ايه علشان اطلع رخصة سيارة نقل تجاري؟,Traffic,vehicle_license
هعمل ايه علشان اقدم اقرار القيمة المضافة الشهري؟,Taxes,vat
عايز اعرف ازاي اجدد رخصة العربية بعد الانتهاء؟,Traffic,vehicle_license
لو سمحت عايز اعرف اجدد رخصة عربية متأخرة من سنين؟,Traffic,renewal
انا تايه، عايز اعرف اسجل في ضريبة القيمة المضافة؟,Taxes,vat
هعمل ايه علشان اسجل عربية جديدة في المرور؟,Traffic,vehicle_registration
عايز اعرف ازاي استخرج بطاقة الرقم القومي لأول مرة؟,Civil Affairs,national_id
لو سمحت عايز اعرف اترجم قسيمة الطلاق رسمي؟,Personal Status,divorce_certificate
فين اروح علشان استخرج شهادة ميلاد اونلاين؟,Civil Affairs,birth_certificate
انا محتاج اسجل شركتي الجديدة ضريبيا؟,Taxes,tax_registration
انا محتاج شهادة الوفاة بتتعمل فين بالظبط؟,Civil Affairs,death_certificate
ممكن تقولي ازاي اجدد رخصة العربية اونلاين؟,Traffic,vehicle_license
عايز اعرف اسجل شركتي الجديدة ضريبيا؟,Taxes,tax_registration
ممكن تقولي ازاي اطلع بدل فاقد للبطاقة الضريبية؟,Taxes,tax_card
عايز اعرف ازاي عقد الجواز بياخد وقت قد ايه؟,Personal Status,marriage
ينفع رسوم شهادة الوفاة كام؟,Civil Affairs,death_certificate
لو سمحت عايز اعرف اطلع قسيمة الزواج من مأذون تاني محافظة؟,Personal Status,marriage_certificate
لو سمحت عايز اعرف اعدل العنوان في بطاقة الرقم القومي؟,Civil Affairs,national_id
هعمل ايه علشان المستندات المطلوبة لشهادة الميلاد؟,Civil Affairs,birth_certificate
ممكن تقولي ازاي قسيمة الزواج بتاخد قد ايه؟,Personal Status,marriage_certificate
عايز اعرف ازاي اجدد رخصة القيادة قبل ما تخلص؟,Traffic,renewal
لو سمحت عايز اعرف المستندات المطلوبة لشهادة الميلاد؟,Civil Affairs,birth_certificate
هعمل ايه علشان اطلع افادة طلاق رسمية؟,Personal Status,divorce
لو سمحت عايز اعرف اجدد بطاقة الرقم القومي بتاعتي؟,Civil Affairs,national_id
ممكن حد يفهمني اطلع بدل فاقد لشهادة الوفاة؟,Civil Affairs,death_certificate
عايز اعرف ازاي اسجل مركبة مستوردة جديدة؟,Traffic,vehicle_registration
فين اروح علشان اطلع بدل فاقد لشهادة الوفاة؟,Civil Affairs,death_certificate
هعمل ايه علشان القيد الفردي بيتطلب مدة قد ايه؟,Civil Affairs,individual_record
ممكن حد يفهمني اسجل شركتي الجديدة ضريبيا؟,Taxes,tax_registration
ممكن تقولي ازاي غرامة تأخير الاقرار الضريبي كام؟,Taxes,tax_return
ممكن حد يفهمني استخرج شهادة وفاة اونلاين؟,Civil Affairs,death_certificate
انا محتاج قسيمة الزواج محتاجها علشان استخرج ايه بعد كده؟,Personal Status,marriage_certificate
فين اروح علشان استرد ضريبة دخل مخصومة زيادة؟,Taxes,income_tax
ممكن تقولي ازاي عقد الجواز بياخد وقت قد ايه؟,Personal Status,marriage
انا تايه، عايز اعرف مواعيد تقديم الاقرار الضريبي امتى؟,Taxes,tax_return
ينفع استخرج رخصة سيارتي الجديدة؟,Traffic,vehicle_license
فين اروح علشان المستندات المطلوبة لقسيمة الطلاق؟,Personal Status,divorce_certificate
ممكن حد يفهمني المستندات المطلوبة لتسجيل المركبة؟,Traffic,vehicle_registration
عايز اعرف اطلع افادة طلاق رسمية؟,Personal Status,divorce
ممكن تقولي ازاي ضريبة الدخل بتتحسب ازاي للمهن الحرة؟,Taxes,income_tax
انا تايه، عايز اعرف تجديد الرخصة بياخد وقت قد ايه؟,Traffic,renewal
عايز اعرف ازاي انقل ملكية عربية لشخص تاني؟,Traffic,vehicle_registration
ممكن حد يفهمني شرايح ضريبة الدخل الحالية ايه؟,Taxes,income_tax
ينفع رخصة السيارة بتاخد قد ايه؟,Traffic,vehicle_license
انا محتاج اقدم اقرار ضريبي صفري؟,Taxes,tax_return
انا تايه، عايز اعرف اطلع ايصال دفع مخالفة مرور؟,Traffic,traffic_violations
ممكن تقولي ازاي التسجيل الضريبي بياخد وقت قد ايه؟,Taxes,tax_registration
عايز اعرف ازاي غرامة التأخير في سداد القيمة المضافة كام؟,Taxes,vat
انا تايه، عايز اعرف اتجوز واحدة اجنبية اعمل ايه في الاوراق؟,Personal Status,marriage
انا محتاج اجدد رخصة العربية بعد الانتهاء؟,Traffic,vehicle_license
ممكن حد يفهمني المستندات المطلوبة للطلاق؟,Personal Status,divorce
لو سمحت عايز اعرف رسوم رخصة السيارة كام؟,Traffic,vehicle_license
لو سمحت عايز اعرف اعدل بيانات في شهادة الميلاد؟,Civil Affairs,birth_certificate
انا تايه، عايز اعرف اغير حالتي الاجتماعية من اعزب لمتجوز في الاوراق؟,Personal Status,social_status
لو سمحت عايز اعرف التسجيل الضريبي بياخد وقت قد ايه؟,Taxes,tax_registration
ممكن تقولي ازاي اضيف مولود على القيد العائلي؟,Civil Affairs,family_record
لو سمحت عايز اعرف استخرج قسيمة الزواج؟,Personal Status,marriage_certificate
عايز اعرف ازاي اطلع بدل فاقد لشهادة الوفاة؟,Civil Affairs,death_certificate
ينفع المستندات المطلوبة لتجديد الرخصة؟,Traffic,renewal
هعمل ايه علشان اطلع قيد فردي لابني الصغير؟,Civil Affairs,individual_record
انا تايه، عايز اعرف رسوم القيد العائلي كام؟,Civil Affairs,family_record
فين اروح علشان الحالة الاجتماعية في البطاقة بتتغير ازاي؟,Personal Status,social_status
عايز اعرف المستندات المطلوبة للطلاق؟,Personal Status,divorce
ممكن حد يفهمني اقدم على البطاقة القومي اونلاين؟,Civil Affairs,national_id
فين اروح علشان ابدل بطاقة الرقم القومي بعد ما اتفقدت؟,Civil Affairs,national_id
لو سمحت عايز اعرف استخرج قسيمة زواج اونلاين؟,Personal Status,marriage_certificate
لو سمحت عايز اعرف استعلم عن مخالفات المرور بتاعتي؟,Traffic,traffic_violations
ممكن تقولي ازاي استخرج البطاقة الضريبية اونلاين؟,Taxes,tax_card
انا محتاج رسوم شهادة الوفاة كام؟,Civil Affairs,death_certificate
ينفع اعدل الحالة الاجتماعية بعد وفاة الزوج؟,Personal Status,social_status
ممكن تقولي ازاي اعدل بيانات في القيد الفردي؟,Civil Affairs,individual_record
عايز اعرف الفرق بين الطلاق والخلع ايه؟,Personal Status,divorce
انا تايه، عايز اعرف اجدد البطاقة الضريبية بعد ما خلصت؟,Taxes,tax_card
انا محتاج اعرف تفاصيل مخالفة برقم اللوحة؟,Traffic,traffic_violations
ممكن حد يفهمني اطلع ايصال دفع مخالفة مرور؟,Traffic,traffic_violations
ممكن حد يفهمني استخرج قيد عائلي جديد؟,Civil Affairs,family_record
عايز اعرف ازاي اطلع بدل فاقد للقيد العائلي؟,Civil Affairs,family_record
ممكن تقولي ازاي اطلع افادة بالحالة الاجتماعية؟,Personal Status,social_status
عايز اعرف المستندات المطلوبة لعمل بطاقة رقم قومي؟,Civil Affairs,national_id
عايز اعرف الاقرار الضريبي بيتقدم ازاي اونلاين؟,Taxes,tax_return
انا تايه، عايز اعرف استخرج رخصة قيادة جديدة؟,Traffic,driving_license
ممكن تقولي ازاي المستندات المطلوبة للبطاقة الضريبية؟,Taxes,tax_card
انا محتاج نسبة ضريبة القيمة المضافة كام؟,Taxes,vat
عايز اعرف رخصة القيادة بتاخد وقت قد ايه؟,Traffic,driving_license
عايز اعرف اعدل بيانات غلط في قسيمة الزواج؟,Personal Status,marriage_certificate
هعمل ايه علشان رسوم شهادة الوفاة كام؟,Civil Affairs,death_certificate
هعمل ايه علشان رسوم استخراج بطاقة الرقم القومي كام؟,Civil Affairs,national_id
انا محتاج المستندات المطلوبة للاقرار الضريبي؟,Taxes,tax_return
انا محتاج ضريبة الدخل بتتحسب ازاي للمهن الحرة؟,Taxes,income_tax
فين اروح علشان اقدم الاقرار الضريبي السنوي؟,Taxes,tax_return
هعمل ايه علشان المستندات المطلوبة لاستخراج رخصة القيادة؟,Traffic,driving_license
انا تايه، عايز اعرف افرق القيد الفردي عن العائلي في ايه؟,Civil Affairs,individual_record
هعمل ايه علشان افرق قيدي عن قيد اهلي؟,Civil Affairs,family_record
لو سمحت عايز اعرف اطلق مراتي رسمي ازاي؟,Personal Status,divorce
عايز اعرف المستندات المطلوبة لتسوية ضريبة الدخل؟,Taxes,income_tax
انا محتاج رسوم قسيمة الطلاق كام؟,Personal Status,divorce_certificate
انا تايه، عايز اعرف اسجل عربية جديدة في المرور؟,Traffic,vehicle_registration
ممكن تقولي ازاي اعمل ايه لو فاتت مدة تسجيل المولود؟,Civil Affairs,birth_certificate
ممكن تقولي ازاي استخرج شهادة وفاة اونلاين؟,Civil Affairs,death_certificate
عايز اعرف اطلع بدل فاقد للقيد الفردي؟,Civil Affairs,individual_record
لو سمحت عايز اعرف المستندات المطلوبة لتجديد الرخصة؟,Traffic,renewal
لو سمحت عايز اعرف اثبت حالتي الاجتماعية لجهة عمل؟,Personal Status,social_status
انا تايه، عايز اعرف اطلع افادة طلاق رسمية؟,Personal Status,divorce
فين اروح علشان اطلع بدل فاقد لرخصة القيادة؟,Traffic,driving_license
عايز اعرف اجدد البطاقة الضريبية بعد ما خلصت؟,Taxes,tax_card
فين اروح علشان اطلع بدل فاقد لقسيمة الزواج؟,Personal Status,marriage_certificate
هعمل ايه علشان اعدل بيانات في رخصة المركبة؟,Traffic,vehicle_license
لو سمحت عايز اعرف رخصة القيادة بتاخد وقت قد ايه؟,Traffic,driving_license
هعمل ايه علشان المستندات المطلوبة لعمل بطاقة رقم قومي؟,Civil Affairs,national_id
ممكن حد يفهمني اطلع قيد فردي لابني الصغير؟,Civil Affairs,individual_record
هعمل ايه علشان اعدل بيانات غلط في القيد العائلي؟,Civil Affairs,family_record
ينفع اسجل عربية جديدة في المرور؟,Traffic,vehicle_registration
هعمل ايه علشان المستندات المطلوبة للبطاقة الضريبية؟,Taxes,tax_card
هعمل ايه علشان رسوم التسجيل الضريبي كام؟,Taxes,tax_registration
انا تايه، عايز اعرف اسجل نشاطي التجاري في الضرائب؟,Taxes,tax_registration
انا تايه، عايز اعرف اقدم على رخصة القيادة اونلاين؟,Traffic,driving_license
ممكن حد يفهمني اسجل المركبة اونلاين؟,Traffic,vehicle_registration
ينفع اترجم قسيمة الزواج رسمي؟,Personal Status,marriage_certificate
ممكن حد يفهمني محتاج القيد الفردي علشان اقدم عليه فين؟,Civil Affairs,individual_record
انا محتاج التسجيل الضريبي بياخد وقت قد ايه؟,Taxes,tax_registration
ممكن تقولي ازاي اطلع بدل فاقد لرخصة السيارة؟,Traffic,vehicle_license
فين اروح علشان افرق قيدي عن قيد اهلي؟,Civil Affairs,family_record
عايز اعرف ازاي اعمل ايه لو فاتني ميعاد تقديم الاقرار الضريبي؟,Taxes,tax_return
ينفع استخرج قيد عائلي جديد؟,Civil Affairs,family_record
هعمل ايه علشان اقيد مولود جديد في السجل المدني؟,Civil Affairs,birth_certificate
فين اروح علشان اعفاءات ضريبة القيمة المضافة على السلع؟,Taxes,vat
عايز اعرف ازاي المستندات المطلوبة لرخصة المركبة؟,Traffic,vehicle_license
انا محتاج اعمل ايه لو عايز اطلق زوجتي المقيمة برا البلد؟,Personal Status,divorce
ممكن تقولي ازاي المستندات المطلوبة لتسجيل المركبة؟,Traffic,vehicle_registration
عايز اعرف ازاي انقل ملكية موتوسيكل ازاي؟,Traffic,vehicle_registration
ممكن حد يفهمني اقسط غرامة مخالفات المرور؟,Traffic,traffic_violations
لو سمحت عايز اعرف استخرج قسيمة طلاق اونلاين؟,Personal Status,divorce_certificate
ينفع اطلع افادة طلاق رسمية؟,Personal Status,divorce
هعمل ايه علشان اجدد البطاقة الضريبية بعد ما خلصت؟,Taxes,tax_card
عايز اعرف اجدد رخصة عربية متأخرة من سنين؟,Traffic,renewal
هعمل ايه علشان نسبة ضريبة القيمة المضافة كام؟,Taxes,vat
عايز اعرف ازاي رسوم القيد العائلي كام؟,Civil Affairs,family_record
هعمل ايه علشان استخرج قيد فردي؟,Civil Affairs,individual_record
لو سمحت عايز اعرف البطاقة الضريبية بتاخد قد ايه؟,Taxes,tax_card
انا تايه، عايز اعرف اعمل ايه لو فاتني ميعاد تقديم الاقرار الضريبي؟,Taxes,tax_return
عايز اعرف اعدل الحالة الاجتماعية اونلاين؟,Personal Status,social_status
عايز اعرف اقدم اقرار القيمة المضافة الشهري؟,Taxes,vat
ممكن حد يفهمني رخصة القيادة بتاخد وقت قد ايه؟,Traffic,driving_license
عايز اعرف عقد الجواز بياخد وقت قد ايه؟,Personal Status,marriage
لو سمحت عايز اعرف افرق القيد الفردي عن العائلي في ايه؟,Civil Affairs,individual_record
ممكن حد يفهمني اسجل نشاطي التجاري في الضرائب؟,Taxes,tax_registration
لو سمحت عايز اعرف عقد الجواز بياخد وقت قد ايه؟,Personal Status,marriage
هعمل ايه علشان اطلع بدل فاقد لقسيمة الطلاق؟,Personal Status,divorce_certificate
انا محتاج الفرق بين الطلاق والخلع ايه؟,Personal Status,divorce
انا تايه، عايز اعرف المستندات المطلوبة لاستخراج شهادة الوفاة؟,Civil Affairs,death_certificate
هعمل ايه علشان اجدد رخصة السيارة اونلاين؟,Traffic,renewal
انا تايه، عايز اعرف اقسط غرامة مخالفات المرور؟,Traffic,traffic_violations
ينفع تسجيل المركبة بياخد وقت قد ايه؟,Traffic,vehicle_registration
فين اروح علشان استخرج قسيمة طلاق اونلاين؟,Personal Status,divorce_certificate
لو سمحت عايز اعرف اطلع بدل فاقد للقيد العائلي؟,Civil Affairs,family_record
ممكن حد يفهمني الكشف الطبي لرخصة القيادة بيتعمل فين؟,Traffic,driving_license
انا محتاج اطلع افادة طلاق رسمية؟,Personal Status,divorce
هعمل ايه علشان استعلم عن مخالفات المرور بتاعتي؟,Traffic,traffic_violations
لو سمحت عايز اعرف المستندات المطلوبة لعمل بطاقة رقم قومي؟,Civil Affairs,national_id
لو سمحت عايز اعرف التسجيل الضريبي فرق ايه عن البطاقة الضريبية؟,Taxes,tax_registration
لو سمحت عايز اعرف رسوم رخصة القيادة كام؟,Traffic,driving_license
عايز اعرف اسجل نشاطي التجاري في الضرائب؟,Taxes,tax_registration
انا محتاج اطلع بدل فاقد لعقد الجواز؟,Personal Status,marriage
هعمل ايه علشان اعترض على ربط ضريبة الدخل؟,Taxes,income_tax
انا محتاج اعدل بيانات التسجيل الضريبي؟,Taxes,tax_registration
هعمل ايه علشان المستندات المطلوبة للتسجيل الضريبي؟,Taxes,tax_registration
عايز اعرف ازاي اطلع بدل فاقد لعقد الجواز؟,Personal Status,marriage
انا محتاج رسوم القيد العائلي كام؟,Civil Affairs,family_record
هعمل ايه علشان احذف اسم من القيد العائلي؟,Civil Affairs,family_record
لو سمحت عايز اعرف المستندات المطلوبة لقسيمة الزواج؟,Personal Status,marriage_certificate
هعمل ايه علشان اجدد رخصة العربية اونلاين؟,Traffic,vehicle_license
انا محتاج اسجل عربية جديدة في المرور؟,Traffic,vehicle_registration
انا تايه، عايز اعرف القيد الفردي بيتطلب مدة قد ايه؟,Civil Affairs,individual_record
ممكن حد يفهمني رسوم توثيق الطلاق كام؟,Personal Status,divorce
ممكن حد يفهمني تسجيل المركبة بياخد وقت قد ايه؟,Traffic,vehicle_registration
عايز اعرف غرامة تأخير الاقرار الضريبي كام؟,Taxes,tax_return
ممكن تقولي ازاي اعدل بيانات التسجيل الضريبي؟,Taxes,tax_registration
انا محتاج اطلع ايصال دفع مخالفة مرور؟,Traffic,traffic_violations
هعمل ايه علشان اطلع ايصال دفع مخالفة مرور؟,Traffic,traffic_violations
انا محتاج اقسط ضريبة الدخل المستحقة عليا؟,Taxes,income_tax
انا تايه، عايز اعرف اطلع بدل فاقد لقسيمة الزواج؟,Personal Status,marriage_certificate
لو سمحت عايز اعرف اسجل عقد جواز عرفي؟,Personal Status,marriage
ممكن تقولي ازاي القيد العائلي بياخد وقت قد ايه؟,Civil Affairs,family_record
ممكن تقولي ازاي رخصة القيادة بتاخد وقت قد ايه؟,Traffic,driving_license
لو سمحت عايز اعرف اطلع ايصال دفع مخالفة مرور؟,Traffic,traffic_violations
ممكن تقولي ازاي المستندات المطلوبة لشهادة الميلاد؟,Civil Affairs,birth_certificate
ينفع قسيمة الزواج بتاخد قد ايه؟,Personal Status,marriage_certificate
عايز اعرف ازاي رخصة الموتوسيكل بتتجدد ازاي؟,Traffic,vehicle_license
عايز اعرف ازاي اطلع بدل فاقد لقسيمة الطلاق؟,Personal Status,divorce_certificate
فين اروح علشان اعدل بيانات خطأ في شهادة الوفاة؟,Civil Affairs,death_certificate
ممكن حد يفهمني استخرج قسيمة زواج اونلاين؟,Personal Status,marriage_certificate
ينفع رسوم استخراج شهادة الميلاد كام؟,Civil Affairs,birth_certificate
فين اروح علشان اطلاق اجراءاته بتاخد قد ايه؟,Personal Status,divorce
ينفع اجدد بطاقة الرقم القومي بتاعتي؟,Civil Affairs,national_id
انا محتاج رسوم التسجيل الضريبي كام؟,Taxes,tax_registration
انا تايه، عايز اعرف اترجم قسيمة الزواج رسمي؟,Personal Status,marriage_certificate
عايز اعرف ازاي اطلق مراتي رسمي ازاي؟,Personal Status,divorce
فين اروح علشان شرايح ضريبة الدخل الحالية ايه؟,Taxes,income_tax
ينفع اسجل نفسي في مصلحة الضرائب؟,Taxes,tax_registration
انا تايه، عايز اعرف اقدم طلب طلاق للمحكمة ازاي؟,Personal Status,divorce
لو سمحت عايز اعرف الكشف الطبي لرخصة القيادة بيتعمل فين؟,Traffic,driving_license
ممكن حد يفهمني خطوات تجديد الرخصة اونلاين ايه؟,Traffic,renewal
ممكن حد يفهمني القيد العائلي بياخد وقت قد ايه؟,Civil Affairs,family_record
انا محتاج اطلع شهادة ميلاد كمبيوتر بدل الاول؟,Civil Affairs,birth_certificate
انا تايه، عايز اعرف انقل ملكية موتوسيكل ازاي؟,Traffic,vehicle_registration
عايز اعرف محتاج القيد الفردي علشان اقدم عليه فين؟,Civil Affairs,individual_record
عايز اعرف اعرف اقرب مكتب سجل مدني لعمل البطاقة؟,Civil Affairs,national_id
انا محتاج اعدل الاقرار الضريبي بعد التقديم؟,Taxes,tax_return
لو سمحت عايز اعرف ضريبة الدخل بتتحسب ازاي للمهن الحرة؟,Taxes,income_tax
هعمل ايه علشان اقدم على رخصة القيادة اونلاين؟,Traffic,driving_license
عايز اعرف ازاي احول رخصة قيادة اجنبية لمصرية؟,Traffic,driving_license
ينفع اعدل بيانات غلط في عقد الجواز؟,Personal Status,marriage
ينفع اقيد مولود جديد في السجل المدني؟,Civil Affairs,birth_certificate
لو سمحت عايز اعرف اطلع بدل فاقد لرخصة القيادة؟,Traffic,driving_license
ينفع اطلع بدل فاقد لرخصة السيارة؟,Traffic,vehicle_license
انا تايه، عايز اعرف اضيف مولود على القيد العائلي؟,Civil Affairs,family_record
فين اروح علشان اجدد رخصة عربية متأخرة من سنين؟,Traffic,renewal
هعمل ايه علشان المستندات المطلوبة لتسوية ضريبة الدخل؟,Taxes,income_tax
ينفع رسوم قسيمة الزواج كام؟,Personal Status,marriage_certificate
هعمل ايه علشان المستندات المطلوبة لعقد الزواج؟,Personal Status,marriage
ممكن حد يفهمني اسجل حالة طلاق في المأذون؟,Personal Status,divorce
ممكن تقولي ازاي قسيمة الطلاق هتلزمني في ايه بعد كده؟,Personal Status,divorce_certificate
ممكن حد يفهمني استخرج رخصة قيادة جديدة؟,Traffic,driving_license
ممكن تقولي ازاي رخصة الموتوسيكل بتتجدد ازاي؟,Traffic,vehicle_license
لو سمحت عايز اعرف قسيمة الزواج بتاخد قد ايه؟,Personal Status,marriage_certificate
لو سمحت عايز اعرف اسجل المركبة اونلاين؟,Traffic,vehicle_registration
عايز اعرف ازاي رسوم استخراج شهادة الميلاد كام؟,Civil Affairs,birth_certificate
لو سمحت عايز اعرف شهادة الميلاد المميكنة فرق ايه عن العادية؟,Civil Affairs,birth_certificate
ممكن تقولي ازاي استرد ضريبة القيمة المضافة؟,Taxes,vat
ممكن حد يفهمني فين اروح علشان اجدد الرخصة بسرعة؟,Traffic,renewal
هعمل ايه علشان اعفاءات ضريبة القيمة المضافة على السلع؟,Taxes,vat
هعمل ايه علشان اضيف مولود على القيد العائلي؟,Civil Affairs,family_record
انا محتاج الحالة الاجتماعية في البطاقة بتتغير ازاي؟,Personal Status,social_status
ممكن حد يفهمني اعدل بيانات غلط في قسيمة الطلاق؟,Personal Status,divorce_certificate
لو سمحت عايز اعرف رسوم توثيق عقد الجواز كام؟,Personal Status,marriage
انا تايه، عايز اعرف اعدل بيانات خطأ في شهادة الوفاة؟,Civil Affairs,death_certificate
انا محتاج المستندات المطلوبة لتجديد الرخصة؟,Traffic,renewal
عايز اعرف ازاي اجدد رخصة القيادة بعد ما خلصت؟,Traffic,driving_license
انا تايه، عايز اعرف استخرج قيد فردي؟,Civil Affairs,individual_record
لو سمحت عايز اعرف رسوم البطاقة الضريبية كام؟,Taxes,tax_card
عايز اعرف اجدد الرخصة من غير كشف طبي ينفع؟,Traffic,renewal
هعمل ايه علشان اطلع بدل فاقد لرخصة القيادة؟,Traffic,driving_license
عايز اعرف ازاي قسيمة الزواج محتاجها علشان استخرج ايه بعد كده؟,Personal Status,marriage_certificate
انا محتاج ابدل بطاقة الرقم القومي بعد ما اتفقدت؟,Civil Affairs,national_id
فين اروح علشان احسب ضريبة الدخل على مرتبي؟,Taxes,income_tax
هعمل ايه علشان الحالة الاجتماعية في البطاقة بتتغير ازاي؟,Personal Status,social_status
ممكن تقولي ازاي اجدد رخصة عربية متأخرة من سنين؟,Traffic,renewal
انا تايه، عايز اعرف نسبة ضريبة القيمة المضافة كام؟,Taxes,vat
عايز اعرف ازاي قسيمة الطلاق هتلزمني في ايه بعد كده؟,Personal Status,divorce_certificate
ينفع اسجل المركبة اونلاين؟,Traffic,vehicle_registration
ينفع رسوم توثيق الطلاق كام؟,Personal Status,divorce
هعمل ايه علشان المستندات المطلوبة لتغيير الحالة الاجتماعية؟,Personal Status,social_status
انا تايه، عايز اعرف استخرج قسيمة طلاق اونلاين؟,Personal Status,divorce_certificate
انا تايه، عايز اعرف استخرج قيد عائلي جديد؟,Civil Affairs,family_record
هعمل ايه علشان اجدد رخصة العربية بعد الانتهاء؟,Traffic,vehicle_license
ممكن حد يفهمني اضيف مولود على القيد العائلي؟,Civil Affairs,family_record
عايز اعرف ازاي المخالفة هتأثر على تجديد الرخصة ولا لأ؟,Traffic,traffic_violations
انا محتاج المستندات المطلوبة لتغيير الحالة الاجتماعية؟,Personal Status,social_status
فين اروح علشان فين اروح علشان اجدد الرخصة بسرعة؟,Traffic,renewal
فين اروح علشان استخرج شهادة ميلاد لابني؟,Civil Affairs,birth_certificate
ينفع اعدل بيانات في رخصة القيادة؟,Traffic,driving_license
عايز اعرف احذف اسم من القيد العائلي؟,Civil Affairs,family_record
انا تايه، عايز اعرف غرامة تأخير تجديد الرخصة كام؟,Traffic,renewal
ممكن حد يفهمني اعمل ايه لو فاتني ميعاد تقديم الاقرار الضريبي؟,Taxes,tax_return
انا محتاج انقل ملكية موتوسيكل ازاي؟,Traffic,vehicle_registration
انا محتاج المستندات المطلوبة للتسجيل الضريبي؟,Taxes,tax_registration
ممكن تقولي ازاي استخرج بطاقة الرقم القومي لأول مرة؟,Civil Affairs,national_id
ينفع اعمل ايه لو فاتت مدة تسجيل المولود؟,Civil Affairs,birth_certificate
عايز اعرف اعدل الاقرار الضريبي بعد التقديم؟,Taxes,tax_return
عايز اعرف ازاي اعدل بيانات غلط في قسيمة الزواج؟,Personal Status,marriage_certificate
انا محتاج اوثق عقد جواز اونلاين؟,Personal Status,marriage
انا تايه، عايز اعرف اجدد الرخصة لمركبة نقل؟,Traffic,renewal
هعمل ايه علشان خطوات تجديد الرخصة اونلاين ايه؟,Traffic,renewal
عايز اعرف استعلم عن مخالفات المرور بتاعتي؟,Traffic,traffic_violations
ممكن تقولي ازاي المستندات المطلوبة لعقد الزواج؟,Personal Status,marriage
عايز اعرف استخرج قسيمة الطلاق؟,Personal Status,divorce_certificate
عايز اعرف احسب ضريبة الدخل على مرتبي؟,Taxes,income_tax
عايز اعرف اسجل حالة وفاة في الشئون المدنية؟,Civil Affairs,death_certificate
عايز اعرف اعفاءات ضريبة الدخل ايه هي؟,Taxes,income_tax
ممكن تقولي ازاي اعترض على ربط ضريبة الدخل؟,Taxes,income_tax
ممكن تقولي ازاي اعدل بيانات في البطاقة الضريبية؟,Taxes,tax_card
فين اروح علشان رسوم تسجيل المركبة كام؟,Traffic,vehicle_registration
ينفع اجدد رخصة العربية اونلاين؟,Traffic,vehicle_license
ممكن تقولي ازاي اسجل عربية جديدة في المرور؟,Traffic,vehicle_registration
فين اروح علشان اقدم اقرار القيمة المضافة الشهري؟,Taxes,vat
انا تايه، عايز اعرف التسجيل الضريبي بياخد وقت قد ايه؟,Taxes,tax_registration
ممكن حد يفهمني استخرج شهادة ميلاد لابني؟,Civil Affairs,birth_certificate
فين اروح علشان تحديث الحالة الاجتماعية بياخد قد ايه؟,Personal Status,social_status
عايز اعرف ازاي اجدد البطاقة الضريبية بعد ما خلصت؟,Taxes,tax_card
انا تايه، عايز اعرف اجدد الرخصة من غير كشف طبي ينفع؟,Traffic,renewal
عايز اعرف اطلع ايصال دفع مخالفة مرور؟,Traffic,traffic_violations
انا محتاج اجدد رخصة العربية اونلاين؟,Traffic,vehicle_license
انا تايه، عايز اعرف اجدد رخصة العربية اونلاين؟,Traffic,vehicle_license
عايز اعرف رسوم توثيق عقد الجواز كام؟,Personal Status,marriage
عايز اعرف اعدل اقرار القيمة المضافة بعد التقديم؟,Taxes,vat
انا محتاج اطلع بدل فاقد لقسيمة الزواج؟,Personal Status,marriage_certificate
عايز اعرف مدة سقوط مخالفة المرور كام؟,Traffic,traffic_violations
عايز اعرف ازاي اقدم اقرار ضريبي صفري؟,Taxes,tax_return
ينفع اعرف اقرب مكتب سجل مدني لعمل البطاقة؟,Civil Affairs,national_id
ممكن تقولي ازاي رسوم رخصة السيارة كام؟,Traffic,vehicle_license
انا تايه، عايز اعرف قسيمة الطلاق بتاخد وقت قد ايه؟,Personal Status,divorce_certificate
هعمل ايه علشان اقسط ضريبة الدخل المستحقة عليا؟,Taxes,income_tax
ينفع اغير حالتي الاجتماعية من اعزب لمتجوز في الاوراق؟,Personal Status,social_status
عايز اعرف افرق القيد الفردي عن العائلي في ايه؟,Civil Affairs,individual_record
لو سمحت عايز اعرف اضيف مولود على القيد العائلي؟,Civil Affairs,family_record
ينفع اطلق مراتي رسمي ازاي؟,Personal Status,divorce
انا محتاج اترجم قسيمة الزواج رسمي؟,Personal Status,marriage_certificate
ينفع اقدم اقرار ضريبي صفري؟,Taxes,tax_return
ممكن تقولي ازاي استخرج قسيمة طلاق اونلاين؟,Personal Status,divorce_certificate
فين اروح علشان اعترض على مخالفة مرور غلط؟,Traffic,traffic_violations
فين اروح علشان اجدد رخصة القيادة قبل ما تخلص؟,Traffic,renewal
عايز اعرف ازاي ضريبة الدخل على العمل الحر بتتحصل ازاي؟,Taxes,income_tax
عايز اعرف ازاي اسجل شركتي الجديدة ضريبيا؟,Taxes,tax_registration
هعمل ايه علشان اسجل عقد جواز عرفي؟,Personal Status,marriage
ينفع الاقرار الضريبي بيتقدم ازاي اونلاين؟,Taxes,tax_return
انا محتاج احول رخصة قيادة اجنبية لمصرية؟,Traffic,driving_license
ينفع استخرج رخصة قيادة جديدة؟,Traffic,driving_license
عايز اعرف ازاي رسوم توثيق عقد الجواز كام؟,Personal Status,marriage
فين اروح علشان اجدد البطاقة الضريبية بعد ما خلصت؟,Taxes,tax_card
عايز اعرف ازاي تسجيل المركبة بياخد وقت قد ايه؟,Traffic,vehicle_registration
فين اروح علشان اجدد رخصة العربية اونلاين؟,Traffic,vehicle_license
لو سمحت عايز اعرف رخصة السيارة بتاخد قد ايه؟,Traffic,vehicle_license
ممكن تقولي ازاي اقسط غرامة مخالفات المرور؟,Traffic,traffic_violations
انا محتاج اعدل بيانات خطأ في شهادة الوفاة؟,Civil Affairs,death_certificate
عايز اعرف ازاي المستندات المطلوبة للطلاق؟,Personal Status,divorce
عايز اعرف اسجل عربية جديدة في المرور؟,Traffic,vehicle_registration
ينفع اجدد رخصة القيادة بعد ما خلصت؟,Traffic,driving_license
ينفع استرد ضريبة دخل مخصومة زيادة؟,Taxes,income_tax
ممكن حد يفهمني اعدل الحالة الاجتماعية بعد وفاة الزوج؟,Personal Status,social_status
ممكن حد يفهمني ابدل بطاقة الرقم القومي بعد ما اتفقدت؟,Civil Affairs,national_id
ينفع شرايح ضريبة الدخل الحالية ايه؟,Taxes,income_tax
لو سمحت عايز اعرف اجدد رخصة السيارة اونلاين؟,Traffic,renewal
لو سمحت عايز اعرف المستندات المطلوبة لاستخراج شهادة الوفاة؟,Civil Affairs,death_certificate
ينفع افرق قيدي عن قيد اهلي؟,Civil Affairs,family_record
ينفع الفاتورة الالكترونية علاقتها بالقيمة المضافة ايه؟,Taxes,vat
هعمل ايه علشان اطلع بدل فاقد للقيد الفردي؟,Civil Affairs,individual_record
هعمل ايه علشان اجدد الرخصة من غير كشف طبي ينفع؟,Traffic,renewal
ممكن حد يفهمني رسوم القيد العائلي كام؟,Civil Affairs,family_record
ممكن تقولي ازاي اسجل مركبة مستوردة جديدة؟,Traffic,vehicle_registration
ينفع اسجل عقد جواز عرفي؟,Personal Status,marriage
هعمل ايه علشان المخالفة هتأثر على تجديد الرخصة ولا لأ؟,Traffic,traffic_violations
ممكن حد يفهمني اجدد البطاقة الضريبية بعد ما خلصت؟,Taxes,tax_card
هعمل ايه علشان الاقرار الضريبي للشركات فرق ايه عن الافراد؟,Taxes,tax_return
ممكن تقولي ازاي اطلاق اجراءاته بتاخد قد ايه؟,Personal Status,divorce
هعمل ايه علشان اطلع بدل فاقد لعقد الجواز؟,Personal Status,marriage
ممكن حد يفهمني اعدل بيانات خطأ في شهادة الوفاة؟,Civil Affairs,death_certificate
هعمل ايه علشان ابدل بطاقة الرقم القومي بعد ما اتفقدت؟,Civil Affairs,national_id
انا تايه، عايز اعرف اسجل ضريبيا اونلاين؟,Taxes,tax_registration
ممكن تقولي ازاي انقل ملكية موتوسيكل ازاي؟,Traffic,vehicle_registration
انا تايه، عايز اعرف قسيمة الزواج محتاجها علشان استخرج ايه بعد كده؟,Personal Status,marriage_certificate
عايز اعرف استخرج شهادة وفاة لأبويا؟,Civil Affairs,death_certificate
ينفع المستندات المطلوبة لعقد الزواج؟,Personal Status,marriage
هعمل ايه علشان اطلع افادة بالحالة الاجتماعية؟,Personal Status,social_status
ممكن حد يفهمني اعقد عقد جواز جديد؟,Personal Status,marriage
لو سمحت عايز اعرف انقل ملكية موتوسيكل ازاي؟,Traffic,vehicle_registration
انا محتاج اوثق اشهاد طلاق اونلاين؟,Personal Status,divorce
انا تايه، عايز اعرف اعمل ايه علشان اقيد وفاة حصلت برا البلد؟,Civil Affairs,death_certificate
ينفع اسجل شركتي الجديدة ضريبيا؟,Taxes,tax_registration
عايز اعرف ازاي اقسط غرامة مخالفات المرور؟,Traffic,traffic_violations
انا تايه، عايز اعرف اقيد مولود جديد في السجل المدني؟,Civil Affairs,birth_certificate
انا تايه، عايز اعرف استخرج القيد العائلي اونلاين؟,Civil Affairs,family_record
عايز اعرف المستندات المطلوبة للبطاقة الضريبية؟,Taxes,tax_card
انا محتاج اطلع بدل فاقد للبطاقة الشخصية؟,Civil Affairs,national_id
فين اروح علشان اغير حالتي الاجتماعية من اعزب لمتجوز في الاوراق؟,Personal Status,social_status
هعمل ايه علشان استخرج قسيمة زواج اونلاين؟,Personal Status,marriage_certificate
عايز اعرف ازاي اطلع رخصة سيارة نقل تجاري؟,Traffic,vehicle_license
فين اروح علشان غرامة التأخير في سداد القيمة المضافة كام؟,Taxes,vat
ممكن تقولي ازاي اطلع بدل فاقد لقسيمة الزواج؟,Personal Status,marriage_certificate
فين اروح علشان رخصة السيارة بتاخد قد ايه؟,Traffic,vehicle_license
فين اروح علشان اعدل بيانات في القيد الفردي؟,Civil Affairs,individual_record
ممكن حد يفهمني اعدل بيانات في القيد الفردي؟,Civil Affairs,individual_record
عايز اعرف التسجيل الضريبي بياخد وقت قد ايه؟,Taxes,tax_registration
هعمل ايه علشان اوثق عقد جواز اونلاين؟,Personal Status,marriage
انا محتاج اعدل بيانات في رخصة القيادة؟,Traffic,driving_license
لو سمحت عايز اعرف اقسط غرامة مخالفات المرور؟,Traffic,traffic_violations
انا تايه، عايز اعرف اقدم الاقرار الضريبي السنوي؟,Taxes,tax_return
عايز اعرف ازاي اطلع شهادة ميلاد كمبيوتر بدل الاول؟,Civil Affairs,birth_certificate
ينفع افسخ تسجيل عربية قديمة؟,Traffic,vehicle_registration
انا تايه، عايز اعرف الاقرار الضريبي للشركات فرق ايه عن الافراد؟,Taxes,tax_return
ينفع القيد العائلي بياخد وقت قد ايه؟,Civil Affairs,family_record
انا محتاج المستندات المطلوبة لعقد الزواج؟,Personal Status,marriage
عايز اعرف ازاي استخرج رخصة سيارتي الجديدة؟,Traffic,vehicle_license
انا تايه، عايز اعرف اعدل بيانات غلط في عقد الجواز؟,Personal Status,marriage
عايز اعرف الحالة الاجتماعية في القيد مش مطابقة اعمل ايه؟,Personal Status,social_status
عايز اعرف اتجوز واحدة اجنبية اعمل ايه في الاوراق؟,Personal Status,marriage
انا تايه، عايز اعرف اعدل اقرار القيمة المضافة بعد التقديم؟,Taxes,vat
فين اروح علشان المستندات المطلوبة للتسجيل في القيمة المضافة؟,Taxes,vat
فين اروح علشان استعلم عن مخالفات المرور بتاعتي؟,Traffic,traffic_violations
ينفع ضريبة الدخل على العمل الحر بتتحصل ازاي؟,Taxes,income_tax
ممكن تقولي ازاي اعرف تفاصيل مخالفة برقم اللوحة؟,Traffic,traffic_violations
عايز اعرف ازاي استعلم عن مخالفات المرور بتاعتي؟,Traffic,traffic_violations
ممكن تقولي ازاي رسوم قسيمة الزواج كام؟,Personal Status,marriage_certificate
ممكن تقولي ازاي التسجيل الضريبي فرق ايه عن البطاقة الضريبية؟,Taxes,tax_registration
هعمل ايه علشان شرايح ضريبة الدخل الحالية ايه؟,Taxes,income_tax
ممكن تقولي ازاي استخرج شهادة ميلاد اونلاين؟,Civil Affairs,birth_certificate
لو سمحت عايز اعرف المستندات المطلوبة لرخصة المركبة؟,Traffic,vehicle_license
ممكن تقولي ازاي القيمة المضافة بتتحصل على ايه بالظبط؟,Taxes,vat
لو سمحت عايز اعرف اعرف اقرب مكتب سجل مدني لعمل البطاقة؟,Civil Affairs,national_id
انا محتاج افرق القيد الفردي عن العائلي في ايه؟,Civil Affairs,individual_record
عايز اعرف اطلع افادة بالحالة الاجتماعية؟,Personal Status,social_status
فين اروح علشان نسبة ضريبة القيمة المضافة كام؟,Taxes,vat
ممكن حد يفهمني اجدد رخصة العربية اونلاين؟,Traffic,vehicle_license
ممكن حد يفهمني اقدم طلب طلاق للمحكمة ازاي؟,Personal Status,divorce
ينفع المستندات المطلوبة لاستخراج شهادة الوفاة؟,Civil Affairs,death_certificate
لو سمحت عايز اعرف المستندات المطلوبة للتسجيل الضريبي؟,Taxes,tax_registration
عايز اعرف المستندات المطلوبة لتسجيل المركبة؟,Traffic,vehicle_registration
فين اروح علشان المخالفة هتأثر على تجديد الرخصة ولا لأ؟,Traffic,traffic_violations
انا محتاج رسوم رخصة السيارة كام؟,Traffic,vehicle_license
انا تايه، عايز اعرف المستندات المطلوبة للبطاقة الضريبية؟,Taxes,tax_card
فين اروح علشان رسوم توثيق عقد الجواز كام؟,Personal Status,marriage
لو سمحت عايز اعرف مخالفات المرور بتتحسب ازاي؟,Traffic,traffic_violations
هعمل ايه علشان اعمل ايه لو عايز اطلق زوجتي المقيمة برا البلد؟,Personal Status,divorce
فين اروح علشان مخالفات المرور بتتحسب ازاي؟,Traffic,traffic_violations
هعمل ايه علشان اجدد بطاقة الرقم القومي بتاعتي؟,Civil Affairs,national_id
ممكن حد يفهمني اعمل ايه لو عايز اطلق زوجتي المقيمة برا البلد؟,Personal Status,divorce
عايز اعرف ازاي القيمة المضافة بتتحصل على ايه بالظبط؟,Taxes,vat
ممكن حد يفهمني مدة استخراج البطاقة القومي بتاخد قد ايه؟,Civil Affairs,national_id
عايز اعرف ازاي رسوم توثيق الطلاق كام؟,Personal Status,divorce
لو سمحت عايز اعرف اعدل بيانات في البطاقة الضريبية؟,Taxes,tax_card
لو سمحت عايز اعرف اعدل بيانات في القيد الفردي؟,Civil Affairs,individual_record
هعمل ايه علشان تسجيل المركبة بياخد وقت قد ايه؟,Traffic,vehicle_registration
هعمل ايه علشان المستندات المطلوبة لقسيمة الطلاق؟,Personal Status,divorce_certificate
ممكن تقولي ازاي اقسط ضريبة الدخل المستحقة عليا؟,Taxes,income_tax
عايز اعرف ازاي اطلع بدل فاقد للبطاقة الضريبية؟,Taxes,tax_card
ممكن حد يفهمني اعرف اقرب مكتب سجل مدني لعمل البطاقة؟,Civil Affairs,national_id
لو سمحت عايز اعرف غرامة التأخير في سداد القيمة المضافة كام؟,Taxes,vat
عايز اعرف اعدل بيانات تسجيل المركبة؟,Traffic,vehicle_registration
عايز اعرف اقدم طلب طلاق للمحكمة ازاي؟,Personal Status,divorce
عايز اعرف استخرج شهادة ميلاد اونلاين؟,Civil Affairs,birth_certificate
ممكن تقولي ازاي اعمل ايه لو عايز اطلق زوجتي المقيمة برا البلد؟,Personal Status,divorce
لو سمحت عايز اعرف اطلع بدل فاقد للقيد الفردي؟,Civil Affairs,individual_record
لو سمحت عايز اعرف اعدل بيانات غلط في قسيمة الطلاق؟,Personal Status,divorce_certificate
عايز اعرف ازاي رسوم القيد الفردي كام؟,Civil Affairs,individual_record
هعمل ايه علشان استخرج شهادة ميلاد اونلاين؟,Civil Affairs,birth_certificate
ممكن تقولي ازاي قسيمة الطلاق بتاخد وقت قد ايه؟,Personal Status,divorce_certificate
هعمل ايه علشان غرامة تأخير تجديد الرخصة كام؟,Traffic,renewal
لو سمحت عايز اعرف افرق بين ضريبة الدخل والضريبة على الارباح؟,Taxes,income_tax
انا تايه، عايز اعرف استعلم عن مخالفات المرور بتاعتي؟,Traffic,traffic_violations
ممكن تقولي ازاي اقيد مولود جديد في السجل المدني؟,Civil Affairs,birth_certificate
لو سمحت عايز اعرف اعدل الحالة الاجتماعية بعد وفاة الزوج؟,Personal Status,social_status
عايز اعرف ازاي استخرج قيد عائلي جديد؟,Civil Affairs,family_record
عايز اعرف اترجم قسيمة الزواج رسمي؟,Personal Status,marriage_certificate
لو سمحت عايز اعرف الاقرار الضريبي للشركات فرق ايه عن الافراد؟,Taxes,tax_return
عايز اعرف اقدم اقرار ضريبي صفري؟,Taxes,tax_return
فين اروح علشان انقل ملكية عربية لشخص تاني؟,Traffic,vehicle_registration
ممكن تقولي ازاي استخرج قيد فردي؟,Civil Affairs,individual_record
عايز اعرف البطاقة الضريبية محتاجها علشان اعمل ايه؟,Taxes,tax_card
ممكن تقولي ازاي استخرج قسيمة زواج اونلاين؟,Personal Status,marriage_certificate
عايز اعرف استخرج البطاقة الضريبية اونلاين؟,Taxes,tax_card
عايز اعرف ازاي مدة استخراج البطاقة القومي بتاخد قد ايه؟,Civil Affairs,national_id
عايز اعرف الحالة الاجتماعية في البطاقة بتتغير ازاي؟,Personal Status,social_status
انا تايه، عايز اعرف شهادة الميلاد المميكنة فرق ايه عن العادية؟,Civil Affairs,birth_certificate
ينفع اعدل العنوان في بطاقة الرقم القومي؟,Civil Affairs,national_id
فين اروح علشان رسوم قسيمة الطلاق كام؟,Personal Status,divorce_certificate
انا تايه، عايز اعرف اسجل عقد جواز عرفي؟,Personal Status,marriage
انا تايه، عايز اعرف اطلع شهادة ميلاد كمبيوتر بدل الاول؟,Civil Affairs,birth_certificate
هعمل ايه علشان استخرج شهادة وفاة لأبويا؟,Civil Affairs,death_certificate
انا محتاج اتجوز واحدة اجنبية اعمل ايه في الاوراق؟,Personal Status,marriage
انا محتاج اطلع قيد فردي لابني الصغير؟,Civil Affairs,individual_record
انا محتاج اعدل بيانات غلط في القيد العائلي؟,Civil Affairs,family_record
هعمل ايه علشان اقدم الاقرار الضريبي السنوي؟,Taxes,tax_return
ممكن تقولي ازاي اوثق اشهاد طلاق اونلاين؟,Personal Status,divorce
ممكن حد يفهمني اطلع بطاقة ضريبية لمنشأة جديدة؟,Taxes,tax_card
انا محتاج عقد الجواز بياخد وقت قد ايه؟,Personal Status,marriage
عايز اعرف اطلاق اجراءاته بتاخد قد ايه؟,Personal Status,divorce
عايز اعرف ازاي اسجل حالة وفاة في الشئون المدنية؟,Civil Affairs,death_certificate
هعمل ايه علشان اجدد رخصة عربية متأخرة من سنين؟,Traffic,renewal
ينفع اعمل ايه لو فاتني ميعاد تقديم الاقرار الضريبي؟,Taxes,tax_return
لو سمحت عايز اعرف اطلع نسخة من اقرار ضريبي قديم؟,Taxes,tax_return
ممكن تقولي ازاي اعدل الحالة الاجتماعية اونلاين؟,Personal Status,social_status
فين اروح علشان استخرج شهادة وفاة اونلاين؟,Civil Affairs,death_certificate
عايز اعرف ازاي احسب ضريبة الدخل على مرتبي؟,Taxes,income_tax
انا تايه، عايز اعرف استخرج شهادة ميلاد لابني؟,Civil Affairs,birth_certificate
فين اروح علشان اجدد رخصة السيارة اونلاين؟,Traffic,renewal
انا محتاج اغير حالتي الاجتماعية من اعزب لمتجوز في الاوراق؟,Personal Status,social_status
عايز اعرف ازاي اثبت حالتي الاجتماعية لجهة عمل؟,Personal Status,social_status
انا محتاج احسب ضريبة الدخل على مرتبي؟,Taxes,income_tax
هعمل ايه علشان استخرج قسيمة طلاق اونلاين؟,Personal Status,divorce_certificate
فين اروح علشان اطلع بدل فاقد للبطاقة الضريبية؟,Taxes,tax_card
هعمل ايه علشان استعلم عن مخالفات عربية مش عربيتي؟,Traffic,traffic_violations
ينفع المستندات المطلوبة للتسجيل الضريبي؟,Taxes,tax_registration
عايز اعرف اقدم على رخصة القيادة اونلاين؟,Traffic,driving_license
ممكن حد يفهمني المستندات المطلوبة لقسيمة الزواج؟,Personal Status,marriage_certificate
فين اروح علشان اعدل بيانات غلط في القيد العائلي؟,Civil Affairs,family_record
فين اروح علشان اسجل ضريبيا اونلاين؟,Taxes,tax_registration
انا تايه، عايز اعرف اجدد رخصة القيادة قبل ما تخلص؟,Traffic,renewal
ممكن تقولي ازاي رخصة السيارة بتاخد قد ايه؟,Traffic,vehicle_license
انا محتاج تحديث الحالة الاجتماعية بياخد قد ايه؟,Personal Status,social_status
ينفع اعفاءات ضريبة الدخل ايه هي؟,Taxes,income_tax
فين اروح علشان افرق القيد الفردي عن العائلي في ايه؟,Civil Affairs,individual_record
لو سمحت عايز اعرف اطلع بدل فاقد لقسيمة الطلاق؟,Personal Status,divorce_certificate
ممكن تقولي ازاي ابدل بطاقة الرقم القومي بعد ما اتفقدت؟,Civil Affairs,national_id
عايز اعرف ازاي اترجم قسيمة الطلاق رسمي؟,Personal Status,divorce_certificate
عايز اعرف ازاي رسوم استخراج بطاقة الرقم القومي كام؟,Civil Affairs,national_id
فين اروح علشان شهادة الوفاة لازمة لايه بعد كده؟,Civil Affairs,death_certificate
انا محتاج اعدل الحالة الاجتماعية بعد الطلاق؟,Personal Status,social_status
ممكن حد يفهمني مخالفات المرور بتتحسب ازاي؟,Traffic,traffic_violations
هعمل ايه علشان افسخ تسجيل عربية قديمة؟,Traffic,vehicle_registration
فين اروح علشان اقسط ضريبة الدخل المستحقة عليا؟,Taxes,income_tax
انا محتاج المخالفة هتأثر على تجديد الرخصة ولا لأ؟,Traffic,traffic_violations
ممكن تقولي ازاي استخرج رخصة سيارتي الجديدة؟,Traffic,vehicle_license
عايز اعرف ازاي اعقد عقد جواز جديد؟,Personal Status,marriage
ممكن تقولي ازاي الاقرار الضريبي للشركات فرق ايه عن الافراد؟,Taxes,tax_return
فين اروح علشان غرامة تأخير تجديد الرخصة كام؟,Traffic,renewal
عايز اعرف المستندات المطلوبة للقيد الفردي؟,Civil Affairs,individual_record
فين اروح علشان ضريبة الدخل بتتحسب ازاي للمهن الحرة؟,Taxes,income_tax
ممكن تقولي ازاي استعلم عن مخالفات عربية مش عربيتي؟,Traffic,traffic_violations
ينفع ضريبة الدخل بتتحسب ازاي للمهن الحرة؟,Taxes,income_tax
انا محتاج اسجل حالة طلاق في المأذون؟,Personal Status,divorce
هعمل ايه علشان اجدد رخصة القيادة بعد ما خلصت؟,Traffic,driving_license
ممكن حد يفهمني رسوم تسجيل المركبة كام؟,Traffic,vehicle_registration
لو سمحت عايز اعرف اعفاءات ضريبة القيمة المضافة على السلع؟,Taxes,vat
ممكن تقولي ازاي انقل ملكية عربية لشخص تاني؟,Traffic,vehicle_registration
هعمل ايه علشان فين اروح علشان اجدد الرخصة بسرعة؟,Traffic,renewal
انا محتاج اجدد الرخصة من غير كشف طبي ينفع؟,Traffic,renewal
ممكن حد يفهمني اقسط ضريبة الدخل المستحقة عليا؟,Taxes,income_tax
ممكن تقولي ازاي اطلع نسخة من اقرار ضريبي قديم؟,Taxes,tax_return
ينفع مخالفات المرور بتتحسب ازاي؟,Traffic,traffic_violations
عايز اعرف ازاي رخصة السيارة بتاخد قد ايه؟,Traffic,vehicle_license
عايز اعرف ازاي رسوم رخصة القيادة كام؟,Traffic,driving_license
ينفع رسوم رخصة السيارة كام؟,Traffic,vehicle_license
فين اروح علشان القيمة المضافة بتتحصل على ايه بالظبط؟,Taxes,vat
فين اروح علشان اعدل بيانات غلط في قسيمة الزواج؟,Personal Status,marriage_certificate
انا محتاج افتح ملف ضريبي لنشاط حر؟,Taxes,tax_registration
عايز اعرف ازاي احذف اسم من القيد العائلي؟,Civil Affairs,family_record
انا تايه، عايز اعرف رخصة السيارة بتاخد قد ايه؟,Traffic,vehicle_license
انا تايه، عايز اعرف رسوم البطاقة الضريبية كام؟,Taxes,tax_card
انا محتاج اعترض على ربط ضريبة الدخل؟,Taxes,income_tax
عايز اعرف ازاي خطوات تجديد الرخصة اونلاين ايه؟,Traffic,renewal
ينفع رسوم القيد العائلي كام؟,Civil Affairs,family_record
ينفع افرق القيد الفردي عن العائلي في ايه؟,Civil Affairs,individual_record
فين اروح علشان عقد الجواز بياخد وقت قد ايه؟,Personal Status,marriage
ممكن تقولي ازاي استخرج شهادة وفاة لأبويا؟,Civil Affairs,death_certificate
انا محتاج اطلع بدل فاقد لرخصة السيارة؟,Traffic,vehicle_license
عايز اعرف اعدل بيانات خطأ في شهادة الوفاة؟,Civil Affairs,death_certificate
ممكن تقولي ازاي المستندات المطلوبة لرخصة المركبة؟,Traffic,vehicle_license
هعمل ايه علشان المستندات المطلوبة لاستخراج القيد العائلي؟,Civil Affairs,family_record
ينفع رخصة الموتوسيكل بتتجدد ازاي؟,Traffic,vehicle_license
ينفع اطلع نسخة من اقرار ضريبي قديم؟,Taxes,tax_return
ممكن تقولي ازاي افتح ملف ضريبي لنشاط حر؟,Taxes,tax_registration
عايز اعرف اطلع رخصة سيارة نقل تجاري؟,Traffic,vehicle_license
انا تايه، عايز اعرف اعدل بيانات في رخصة المركبة؟,Traffic,vehicle_license
لو سمحت عايز اعرف اعدل بيانات في رخصة القيادة؟,Traffic,driving_license
انا تايه، عايز اعرف التسجيل الضريبي فرق ايه عن البطاقة الضريبية؟,Taxes,tax_registration
فين اروح علشان مدة استخراج البطاقة القومي بتاخد قد ايه؟,Civil Affairs,national_id
ينفع المستندات المطلوبة للتسجيل في القيمة المضافة؟,Taxes,vat
عايز اعرف ازاي استخرج شهادة ميلاد لابني؟,Civil Affairs,birth_certificate
ينفع محتاج القيد الفردي علشان اقدم عليه فين؟,Civil Affairs,individual_record
انا محتاج اعمل ايه علشان اقيد وفاة حصلت برا البلد؟,Civil Affairs,death_certificate
ممكن حد يفهمني انقل ملكية عربية لشخص تاني؟,Traffic,vehicle_registration
انا محتاج استخرج القيد العائلي اونلاين؟,Civil Affairs,family_record
لو سمحت عايز اعرف المستندات المطلوبة للتسجيل في القيمة المضافة؟,Taxes,vat
ينفع استخرج قيد فردي؟,Civil Affairs,individual_record
ممكن تقولي ازاي اسجل نشاطي التجاري في الضرائب؟,Taxes,tax_registration
لو سمحت عايز اعرف البطاقة الضريبية محتاجها علشان اعمل ايه؟,Taxes,tax_card
ممكن تقولي ازاي اعدل بيانات غلط في القيد العائلي؟,Civil Affairs,family_record
لو سمحت عايز اعرف اعمل ايه لو فاتني ميعاد تقديم الاقرار الضريبي؟,Taxes,tax_return
ينفع المستندات المطلوبة للقيد الفردي؟,Civil Affairs,individual_record
ممكن حد يفهمني اطلع بدل فاقد للبطاقة الضريبية؟,Taxes,tax_card
انا تايه، عايز اعرف المستندات المطلوبة للتسجيل في القيمة المضافة؟,Taxes,vat
فين اروح علشان المستندات المطلوبة للاقرار الضريبي؟,Taxes,tax_return
انا محتاج اقدم الاقرار الضريبي السنوي؟,Taxes,tax_return
ينفع البطاقة الضريبية بتاخد قد ايه؟,Taxes,tax_card
انا تايه، عايز اعرف المستندات المطلوبة لعقد الزواج؟,Personal Status,marriage
ممكن تقولي ازاي اقدم على رخصة القيادة اونلاين؟,Traffic,driving_license
انا محتاج استعلم عن مخالفات عربية مش عربيتي؟,Traffic,traffic_violations
ممكن حد يفهمني اجدد رخصة العربية بعد الانتهاء؟,Traffic,vehicle_license
فين اروح علشان ضريبة الدخل على العمل الحر بتتحصل ازاي؟,Taxes,income_tax
انا تايه، عايز اعرف شروط اتمام عقد الزواج للمصريين في الخارج؟,Personal Status,marriage
فين اروح علشان اطلع افادة بالحالة الاجتماعية؟,Personal Status,social_status
انا تايه، عايز اعرف اجدد رخصة العربية بعد الانتهاء؟,Traffic,vehicle_license
انا تايه، عايز اعرف رسوم تسجيل المركبة كام؟,Traffic,vehicle_registration
عايز اعرف المستندات المطلوبة للتسجيل في القيمة المضافة؟,Taxes,vat
لو سمحت عايز اعرف قسيمة الطلاق بتاخد وقت قد ايه؟,Personal Status,divorce_certificate
هعمل ايه علشان عقد الجواز بياخد وقت قد ايه؟,Personal Status,marriage
عايز اعرف ازاي اغير حالتي الاجتماعية من اعزب لمتجوز في الاوراق؟,Personal Status,social_status
عايز اعرف اطلع بدل فاقد لرخصة القيادة؟,Traffic,driving_license
فين اروح علشان قسيمة الزواج محتاجها علشان استخرج ايه بعد كده؟,Personal Status,marriage_certificate
عايز اعرف اقدم على البطاقة القومي اونلاين؟,Civil Affairs,national_id
عايز اعرف اجدد الرخصة لمركبة نقل؟,Traffic,renewal
انا محتاج اعدل العنوان في بطاقة الرقم القومي؟,Civil Affairs,national_id
ينفع اجدد البطاقة الضريبية بعد ما خلصت؟,Taxes,tax_card
فين اروح علشان استخرج بطاقة الرقم القومي لأول مرة؟,Civil Affairs,national_id
انا محتاج المستندات المطلوبة لشهادة الميلاد؟,Civil Affairs,birth_certificate
عايز اعرف اطلع شهادة ميلاد كمبيوتر بدل الاول؟,Civil Affairs,birth_certificate
ممكن حد يفهمني اعدل العنوان في بطاقة الرقم القومي؟,Civil Affairs,national_id
انا محتاج استرد ضريبة دخل مخصومة زيادة؟,Taxes,income_tax
عايز اعرف ازاي اقدم الاقرار الضريبي السنوي؟,Taxes,tax_return
هعمل ايه علشان مدة استخراج البطاقة القومي بتاخد قد ايه؟,Civil Affairs,national_id
عايز اعرف ازاي اعرف تفاصيل مخالفة برقم اللوحة؟,Traffic,traffic_violations
عايز اعرف ازاي المستندات المطلوبة لاستخراج رخصة القيادة؟,Traffic,driving_license
انا محتاج افسخ تسجيل عربية قديمة؟,Traffic,vehicle_registration
عايز اعرف اسجل المركبة اونلاين؟,Traffic,vehicle_registration
لو سمحت عايز اعرف اقيد مولود جديد في السجل المدني؟,Civil Affairs,birth_certificate
لو سمحت عايز اعرف تسجيل المركبة بياخد وقت قد ايه؟,Traffic,vehicle_registration
عايز اعرف ازاي اجدد رخصة عربية متأخرة من سنين؟,Traffic,renewal
انا محتاج غرامة تأخير تجديد الرخصة كام؟,Traffic,renewal
لو سمحت عايز اعرف اعدل بيانات غلط في القيد العائلي؟,Civil Affairs,family_record
فين اروح علشان استخرج قيد فردي اونلاين؟,Civil Affairs,individual_record
ممكن حد يفهمني المستندات المطلوبة لشهادة الميلاد؟,Civil Affairs,birth_certificate
ممكن تقولي ازاي رسوم استخراج بطاقة الرقم القومي كام؟,Civil Affairs,national_id
ينفع اقدم على رخصة القيادة اونلاين؟,Traffic,driving_license
عايز اعرف المستندات المطلوبة لتجديد الرخصة؟,Traffic,renewal
هعمل ايه علشان اطلع نسخة من اقرار ضريبي قديم؟,Taxes,tax_return
ممكن تقولي ازاي رسوم البطاقة الضريبية كام؟,Taxes,tax_card
عايز اعرف شهادة الوفاة لازمة لايه بعد كده؟,Civil Affairs,death_certificate
انا تايه، عايز اعرف اثبت حالتي الاجتماعية لجهة عمل؟,Personal Status,social_status
انا محتاج رخصة الموتوسيكل بتتجدد ازاي؟,Traffic,vehicle_license
هعمل ايه علشان المستندات المطلوبة لاستخراج شهادة الوفاة؟,Civil Affairs,death_certificate
انا تايه، عايز اعرف ضريبة الدخل بتتحسب ازاي للمهن الحرة؟,Taxes,income_tax
لو سمحت عايز اعرف رسوم قسيمة الطلاق كام؟,Personal Status,divorce_certificate
انا محتاج المستندات المطلوبة لقسيمة الطلاق؟,Personal Status,divorce_certificate
عايز اعرف ازاي المستندات المطلوبة لاستخراج القيد العائلي؟,Civil Affairs,family_record
انا محتاج رسوم استخراج بطاقة الرقم القومي كام؟,Civil Affairs,national_id
ممكن حد يفهمني قسيمة الزواج محتاجها علشان استخرج ايه بعد كده؟,Personal Status,marriage_certificate
ممكن حد يفهمني اسجل في ضريبة القيمة المضافة؟,Taxes,vat
هعمل ايه علشان اعرف اقرب مكتب سجل مدني لعمل البطاقة؟,Civil Affairs,national_id
انا تايه، عايز اعرف اسجل المركبة اونلاين؟,Traffic,vehicle_registration
عايز اعرف استخرج رخصة سيارتي الجديدة؟,Traffic,vehicle_license
لو سمحت عايز اعرف غرامة تأخير الاقرار الضريبي كام؟,Taxes,tax_return
ممكن حد يفهمني المستندات المطلوبة لقسيمة الطلاق؟,Personal Status,divorce_certificate
هعمل ايه علشان اقدم طلب طلاق للمحكمة ازاي؟,Personal Status,divorce
ممكن تقولي ازاي شروط اتمام عقد الزواج للمصريين في الخارج؟,Personal Status,marriage
هعمل ايه علشان اعفاءات ضريبة الدخل ايه هي؟,Taxes,income_tax
ممكن حد يفهمني المستندات المطلوبة لرخصة المركبة؟,Traffic,vehicle_license
ينفع فين اروح علشان اجدد الرخصة بسرعة؟,Traffic,renewal
ينفع المستندات المطلوبة لقسيمة الطلاق؟,Personal Status,divorce_certificate
عايز اعرف شهادة الوفاة بتتعمل فين بالظبط؟,Civil Affairs,death_certificate
انا تايه، عايز اعرف اطلع افادة بالحالة الاجتماعية؟,Personal Status,social_status
هعمل ايه علشان رسوم قسيمة الطلاق كام؟,Personal Status,divorce_certificate
انا تايه، عايز اعرف اسجل شركتي الجديدة ضريبيا؟,Taxes,tax_registration
ينفع اقدم طلب طلاق للمحكمة ازاي؟,Personal Status,divorce
فين اروح علشان احول رخصة قيادة اجنبية لمصرية؟,Traffic,driving_license
ممكن تقولي ازاي اطلع شهادة ميلاد كمبيوتر بدل الاول؟,Civil Affairs,birth_certificate
ممكن حد يفهمني تحديث الحالة الاجتماعية بياخد قد ايه؟,Personal Status,social_status
انا محتاج البطاقة الضريبية بتاخد قد ايه؟,Taxes,tax_card
لو سمحت عايز اعرف اطلع افادة بالحالة الاجتماعية؟,Personal Status,social_status
انا محتاج استخرج شهادة ميلاد لابني؟,Civil Affairs,birth_certificate
فين اروح علشان اعمل ايه علشان اقيد وفاة حصلت برا البلد؟,Civil Affairs,death_certificate
ينفع اجدد رخصة العربية بعد الانتهاء؟,Traffic,vehicle_license
ممكن حد يفهمني ضريبة الدخل بتتحسب ازاي للمهن الحرة؟,Taxes,income_tax
لو سمحت عايز اعرف اسجل نشاطي التجاري في الضرائب؟,Taxes,tax_registration
فين اروح علشان اسجل حالة طلاق في المأذون؟,Personal Status,divorce
فين اروح علشان اطلق مراتي رسمي ازاي؟,Personal Status,divorce
هعمل ايه علشان اعدل بيانات في رخصة القيادة؟,Traffic,driving_license
ينفع اعدل بيانات غلط في قسيمة الزواج؟,Personal Status,marriage_certificate
ممكن تقولي ازاي المستندات المطلوبة للقيد الفردي؟,Civil Affairs,individual_record
عايز اعرف ازاي تجديد الرخصة بياخد وقت قد ايه؟,Traffic,renewal
عايز اعرف اجدد رخصة السيارة اونلاين؟,Traffic,renewal
فين اروح علشان اجدد الرخصة من غير كشف طبي ينفع؟,Traffic,renewal
لو سمحت عايز اعرف اغير حالتي الاجتماعية من اعزب لمتجوز في الاوراق؟,Personal Status,social_status
عايز اعرف ازاي اطلع نسخة من اقرار ضريبي قديم؟,Taxes,tax_return
عايز اعرف ازاي رسوم البطاقة الضريبية كام؟,Taxes,tax_card
ممكن تقولي ازاي اعدل الاقرار الضريبي بعد التقديم؟,Taxes,tax_return
ممكن تقولي ازاي قسيمة الزواج محتاجها علشان استخرج ايه بعد كده؟,Personal Status,marriage_certificate
لو سمحت عايز اعرف قسيمة الزواج محتاجها علشان استخرج ايه بعد كده؟,Personal Status,marriage_certificate
ينفع المستندات المطلوبة لعمل بطاقة رقم قومي؟,Civil Affairs,national_id
ممكن حد يفهمني قسيمة الزواج بتاخد قد ايه؟,Personal Status,marriage_certificate
عايز اعرف ازاي اعترض على ربط ضريبة الدخل؟,Taxes,income_tax
عايز اعرف ازاي اوثق اشهاد طلاق اونلاين؟,Personal Status,divorce
فين اروح علشان اعدل العنوان في بطاقة الرقم القومي؟,Civil Affairs,national_id
ممكن حد يفهمني رخصة الموتوسيكل بتتجدد ازاي؟,Traffic,vehicle_license
عايز اعرف اعدل الحالة الاجتماعية بعد الطلاق؟,Personal Status,social_status
فين اروح علشان تسجيل المركبة بياخد وقت قد ايه؟,Traffic,vehicle_registration
ينفع استخرج شهادة وفاة لأبويا؟,Civil Affairs,death_certificate
انا محتاج غرامة التأخير في سداد القيمة المضافة كام؟,Taxes,vat
ممكن حد يفهمني شهادة الميلاد المميكنة فرق ايه عن العادية؟,Civil Affairs,birth_certificate
هعمل ايه علشان رخصة السيارة بتاخد قد ايه؟,Traffic,vehicle_license
انا تايه، عايز اعرف اطلع بدل فاقد للبطاقة الضريبية؟,Taxes,tax_card
انا تايه، عايز اعرف رسوم توثيق عقد الجواز كام؟,Personal Status,marriage
انا تايه، عايز اعرف المستندات المطلوبة لعمل بطاقة رقم قومي؟,Civil Affairs,national_id
ممكن حد يفهمني استرد ضريبة القيمة المضافة؟,Taxes,vat
انا تايه، عايز اعرف افرق قيدي عن قيد اهلي؟,Civil Affairs,family_record
عايز اعرف اعترض على ربط ضريبة الدخل؟,Taxes,income_tax
ممكن تقولي ازاي اطلق مراتي رسمي ازاي؟,Personal Status,divorce
عايز اعرف استخرج قسيمة طلاق اونلاين؟,Personal Status,divorce_certificate
انا تايه، عايز اعرف المستندات المطلوبة لرخصة المركبة؟,Traffic,vehicle_license
ممكن تقولي ازاي غرامة تأخير تجديد الرخصة كام؟,Traffic,renewal
لو سمحت عايز اعرف افرق قيدي عن قيد اهلي؟,Civil Affairs,family_record
عايز اعرف ازاي اعدل الحالة الاجتماعية بعد الطلاق؟,Personal Status,social_status
انا تايه، عايز اعرف اطلع نسخة من اقرار ضريبي قديم؟,Taxes,tax_return
انا تايه، عايز اعرف شرايح ضريبة الدخل الحالية ايه؟,Taxes,income_tax
ممكن حد يفهمني اعدل بيانات التسجيل الضريبي؟,Taxes,tax_registration
انا محتاج استخرج البطاقة الضريبية؟,Taxes,tax_card
انا محتاج اطلع بدل فاقد للقيد الفردي؟,Civil Affairs,individual_record
لو سمحت عايز اعرف المستندات المطلوبة لاستخراج القيد العائلي؟,Civil Affairs,family_record
هعمل ايه علشان افتح ملف ضريبي لنشاط حر؟,Taxes,tax_registration
فين اروح علشان الحالة الاجتماعية في القيد مش مطابقة اعمل ايه؟,Personal Status,social_status
انا تايه، عايز اعرف رخصة الموتوسيكل بتتجدد ازاي؟,Traffic,vehicle_license
ممكن تقولي ازاي اعدل بيانات غلط في عقد الجواز؟,Personal Status,marriage
هعمل ايه علشان رسوم قسيمة الزواج كام؟,Personal Status,marriage_certificate
فين اروح علشان استخرج رخصة سيارتي الجديدة؟,Traffic,vehicle_license
لو سمحت عايز اعرف شهادة الوفاة بتتعمل فين بالظبط؟,Civil Affairs,death_certificate
انا محتاج اطلع افادة بالحالة الاجتماعية؟,Personal Status,social_status
ممكن تقولي ازاي اعدل بيانات تسجيل المركبة؟,Traffic,vehicle_registration
هعمل ايه علشان اطلع بدل فاقد لقسيمة الزواج؟,Personal Status,marriage_certificate
فين اروح علشان رسوم استخراج شهادة الميلاد كام؟,Civil Affairs,birth_certificate
عايز اعرف استخرج شهادة وفاة اونلاين؟,Civil Affairs,death_certificate
ممكن تقولي ازاي اجدد رخصة السيارة اونلاين؟,Traffic,renewal
لو سمحت عايز اعرف الحالة الاجتماعية في البطاقة بتتغير ازاي؟,Personal Status,social_status
هعمل ايه علشان شهادة الوفاة بتتعمل فين بالظبط؟,Civil Affairs,death_certificate
انا محتاج مواعيد تقديم الاقرار الضريبي امتى؟,Taxes,tax_return
عايز اعرف اجدد رخصة العربية اونلاين؟,Traffic,vehicle_license
ممكن تقولي ازاي افرق بين ضريبة الدخل والضريبة على الارباح؟,Taxes,income_tax
لو سمحت عايز اعرف شهادة الوفاة لازمة لايه بعد كده؟,Civil Affairs,death_certificate
ممكن تقولي ازاي المستندات المطلوبة لاستخراج القيد العائلي؟,Civil Affairs,family_record
انا محتاج المستندات المطلوبة لعمل بطاقة رقم قومي؟,Civil Affairs,national_id
ممكن حد يفهمني اجدد رخصة السيارة اونلاين؟,Traffic,renewal
هعمل ايه علشان مدة سقوط مخالفة المرور كام؟,Traffic,traffic_violations
انا محتاج محتاج القيد الفردي علشان اقدم عليه فين؟,Civil Affairs,individual_record
عايز اعرف ازاي اعدل بيانات في شهادة الميلاد؟,Civil Affairs,birth_certificate
ممكن حد يفهمني الفاتورة الالكترونية علاقتها بالقيمة المضافة ايه؟,Taxes,vat
عايز اعرف ازاي قسيمة الزواج بتاخد قد ايه؟,Personal Status,marriage_certificate
انا محتاج استخرج بطاقة الرقم القومي لأول مرة؟,Civil Affairs,national_id
انا محتاج اسجل حالة وفاة في الشئون المدنية؟,Civil Affairs,death_certificate
عايز اعرف شهادة الميلاد المميكنة فرق ايه عن العادية؟,Civil Affairs,birth_certificate
هعمل ايه علشان اقدم اقرار ضريبي صفري؟,Taxes,tax_return
عايز اعرف ازاي استخرج رخصة قيادة جديدة؟,Traffic,driving_license
هعمل ايه علشان اطلع بطاقة ضريبية لمنشأة جديدة؟,Taxes,tax_card
انا محتاج القيد الفردي بيتطلب مدة قد ايه؟,Civil Affairs,individual_record
ممكن تقولي ازاي اسجل في ضريبة القيمة المضافة؟,Taxes,vat
فين اروح علشان المستندات المطلوبة للبطاقة الضريبية؟,Taxes,tax_card
فين اروح علشان اعمل ايه لو فاتني ميعاد تقديم الاقرار الضريبي؟,Taxes,tax_return
فين اروح علشان اعدل الاقرار الضريبي بعد التقديم؟,Taxes,tax_return
عايز اعرف ازاي افتح ملف ضريبي لنشاط حر؟,Taxes,tax_registration
هعمل ايه علشان رسوم تسجيل المركبة كام؟,Traffic,vehicle_registration
لو سمحت عايز اعرف شرايح ضريبة الدخل الحالية ايه؟,Taxes,income_tax
عايز اعرف اعدل العنوان في بطاقة الرقم القومي؟,Civil Affairs,national_id
عايز اعرف اعدل بيانات في رخصة المركبة؟,Traffic,vehicle_license
ممكن تقولي ازاي استخرج رخصة قيادة جديدة؟,Traffic,driving_license
عايز اعرف اجدد رخصة القيادة بعد ما خلصت؟,Traffic,driving_license
انا تايه، عايز اعرف استخرج البطاقة الضريبية اونلاين؟,Taxes,tax_card
فين اروح علشان اعرف تفاصيل مخالفة برقم اللوحة؟,Traffic,traffic_violations
فين اروح علشان احذف اسم من القيد العائلي؟,Civil Affairs,family_record
فين اروح علشان اعدل بيانات غلط في قسيمة الطلاق؟,Personal Status,divorce_certificate
ممكن تقولي ازاي اقدم اقرار القيمة المضافة الشهري؟,Taxes,vat
ممكن حد يفهمني اجدد الرخصة لمركبة نقل؟,Traffic,renewal
ممكن حد يفهمني اعدل بيانات غلط في قسيمة الزواج؟,Personal Status,marriage_certificate
انا تايه، عايز اعرف المستندات المطلوبة للتسجيل الضريبي؟,Taxes,tax_registration
هعمل ايه علشان اسجل مركبة مستوردة جديدة؟,Traffic,vehicle_registration
فين اروح علشان اقيد مولود جديد في السجل المدني؟,Civil Affairs,birth_certificate
فين اروح علشان اضيف مولود على القيد العائلي؟,Civil Affairs,family_record
ممكن تقولي ازاي اعدل بيانات غلط في قسيمة الزواج؟,Personal Status,marriage_certificate
لو سمحت عايز اعرف الحالة الاجتماعية في القيد مش مطابقة اعمل ايه؟,Personal Status,social_status
عايز اعرف اقيد مولود جديد في السجل المدني؟,Civil Affairs,birth_certificate
فين اروح علشان اعدل بيانات تسجيل المركبة؟,Traffic,vehicle_registration
عايز اعرف ازاي المستندات المطلوبة للتسجيل في القيمة المضافة؟,Taxes,vat
فين اروح علشان استخرج قيد فردي؟,Civil Affairs,individual_record
ينفع اطلاق اجراءاته بتاخد قد ايه؟,Personal Status,divorce
ممكن حد يفهمني احول رخصة قيادة اجنبية لمصرية؟,Traffic,driving_license
ممكن حد يفهمني اطلع قسيمة الزواج من مأذون تاني محافظة؟,Personal Status,marriage_certificate
انا تايه، عايز اعرف مخالفات المرور بتتحسب ازاي؟,Traffic,traffic_violations
فين اروح علشان القيد العائلي بياخد وقت قد ايه؟,Civil Affairs,family_record
عايز اعرف ازاي اطلع شهادة ميلاد لشخص متوفي؟,Civil Affairs,birth_certificate
هعمل ايه علشان اعدل بيانات خطأ في شهادة الوفاة؟,Civil Affairs,death_certificate
عايز اعرف ازاي اوثق عقد جواز اونلاين؟,Personal Status,marriage
هعمل ايه علشان اعدل الحالة الاجتماعية اونلاين؟,Personal Status,social_status
انا تايه، عايز اعرف اطلع بدل فاقد لرخصة السيارة؟,Traffic,vehicle_license
فين اروح علشان قسيمة الزواج بتاخد قد ايه؟,Personal Status,marriage_certificate
ممكن حد يفهمني اقدم اقرار القيمة المضافة الشهري؟,Taxes,vat
هعمل ايه علشان المستندات المطلوبة لتسجيل المركبة؟,Traffic,vehicle_registration
لو سمحت عايز اعرف اعدل الحالة الاجتماعية بعد الطلاق؟,Personal Status,social_status
عايز اعرف ازاي اعفاءات ضريبة القيمة المضافة على السلع؟,Taxes,vat
عايز اعرف ازاي التسجيل الضريبي بياخد وقت قد ايه؟,Taxes,tax_registration
انا تايه، عايز اعرف اطلع بدل فاقد للبطاقة الشخصية؟,Civil Affairs,national_id
ممكن تقولي ازاي اسجل حالة طلاق في المأذون؟,Personal Status,divorce
هعمل ايه علشان البطاقة الضريبية محتاجها علشان اعمل ايه؟,Taxes,tax_card
انا محتاج اطلع نسخة من اقرار ضريبي قديم؟,Taxes,tax_return
ممكن تقولي ازاي تسجيل المركبة بياخد وقت قد ايه؟,Traffic,vehicle_registration
ممكن تقولي ازاي استخرج شهادة ميلاد لابني؟,Civil Affairs,birth_certificate
فين اروح علشان اقدم على البطاقة القومي اونلاين؟,Civil Affairs,national_id
ممكن حد يفهمني اطلع رخصة سيارة نقل تجاري؟,Traffic,vehicle_license
لو سمحت عايز اعرف اسجل في ضريبة القيمة المضافة؟,Taxes,vat
انا محتاج اطلع بدل فاقد للبطاقة الضريبية؟,Taxes,tax_card
انا تايه، عايز اعرف تحديث الحالة الاجتماعية بياخد قد ايه؟,Personal Status,social_status
ينفع اسجل حالة وفاة في الشئون المدنية؟,Civil Affairs,death_certificate
انا محتاج اثبت حالتي الاجتماعية لجهة عمل؟,Personal Status,social_status
هعمل ايه علشان اغير حالتي الاجتماعية من اعزب لمتجوز في الاوراق؟,Personal Status,social_status
انا محتاج استخرج قيد فردي؟,Civil Affairs,individual_record
ممكن حد يفهمني افرق بين ضريبة الدخل والضريبة على الارباح؟,Taxes,income_tax
عايز اعرف ازاي اجدد بطاقة الرقم القومي بتاعتي؟,Civil Affairs,national_id
عايز اعرف رخصة السيارة بتاخد قد ايه؟,Traffic,vehicle_license
لو سمحت عايز اعرف استخرج شهادة ميلاد اونلاين؟,Civil Affairs,birth_certificate
انا محتاج شروط اتمام عقد الزواج للمصريين في الخارج؟,Personal Status,marriage
ممكن حد يفهمني ضريبة الدخل على العمل الحر بتتحصل ازاي؟,Taxes,income_tax
ممكن حد يفهمني رسوم استخراج بطاقة الرقم القومي كام؟,Civil Affairs,national_id
انا محتاج استخرج قسيمة الزواج؟,Personal Status,marriage_certificate
عايز اعرف ازاي اعترض على مخالفة مرور غلط؟,Traffic,traffic_violations
هعمل ايه علشان رسوم توثيق عقد الجواز كام؟,Personal Status,marriage
فين اروح علشان اسجل مركبة مستوردة جديدة؟,Traffic,vehicle_registration
لو سمحت عايز اعرف اوثق عقد جواز اونلاين؟,Personal Status,marriage
فين اروح علشان اعفاءات ضريبة الدخل ايه هي؟,Taxes,income_tax
انا تايه، عايز اعرف المستندات المطلوبة لاستخراج رخصة القيادة؟,Traffic,driving_license
عايز اعرف ازاي الفاتورة الالكترونية علاقتها بالقيمة المضافة ايه؟,Taxes,vat
لو سمحت عايز اعرف احول رخصة قيادة اجنبية لمصرية؟,Traffic,driving_license
لو سمحت عايز اعرف رسوم توثيق الطلاق كام؟,Personal Status,divorce
ممكن حد يفهمني اعرف تفاصيل مخالفة برقم اللوحة؟,Traffic,traffic_violations
ينفع اقدم على البطاقة القومي اونلاين؟,Civil Affairs,national_id
ينفع المستندات المطلوبة لاستخراج القيد العائلي؟,Civil Affairs,family_record
عايز اعرف اجدد رخصة العربية بعد الانتهاء؟,Traffic,vehicle_license
انا محتاج انقل ملكية عربية لشخص تاني؟,Traffic,vehicle_registration
انا تايه، عايز اعرف اسجل نفسي في مصلحة الضرائب؟,Taxes,tax_registration
فين اروح علشان اثبت حالتي الاجتماعية لجهة عمل؟,Personal Status,social_status
ينفع استخرج القيد العائلي اونلاين؟,Civil Affairs,family_record
عايز اعرف استخرج شهادة ميلاد لابني؟,Civil Affairs,birth_certificate
ممكن حد يفهمني المستندات المطلوبة للتسجيل الضريبي؟,Taxes,tax_registration
فين اروح علشان الاقرار الضريبي بيتقدم ازاي اونلاين؟,Taxes,tax_return
عايز اعرف ازاي البطاقة الضريبية بتاخد قد ايه؟,Taxes,tax_card
ممكن حد يفهمني رخصة السيارة بتاخد قد ايه؟,Traffic,vehicle_license
ممكن حد يفهمني قسيمة الطلاق بتاخد وقت قد ايه؟,Personal Status,divorce_certificate
فين اروح علشان اقدم على رخصة القيادة اونلاين؟,Traffic,driving_license
عايز اعرف المستندات المطلوبة لتغيير الحالة الاجتماعية؟,Personal Status,social_status
انا تايه، عايز اعرف اعمل ايه لو عايز اطلق زوجتي المقيمة برا البلد؟,Personal Status,divorce
ينفع اعفاءات ضريبة القيمة المضافة على السلع؟,Taxes,vat
عايز اعرف ازاي اقسط ضريبة الدخل المستحقة عليا؟,Taxes,income_tax
عايز اعرف ازاي اعرف اقرب مكتب سجل مدني لعمل البطاقة؟,Civil Affairs,national_id
هعمل ايه علشان ادفع مخالفة المرور اونلاين؟,Traffic,traffic_violations
عايز اعرف ازاي استخرج قيد فردي؟,Civil Affairs,individual_record
انا تايه، عايز اعرف القيمة المضافة بتتحصل على ايه بالظبط؟,Taxes,vat
ممكن حد يفهمني رسوم التسجيل الضريبي كام؟,Taxes,tax_registration
انا محتاج احذف اسم من القيد العائلي؟,Civil Affairs,family_record
لو سمحت عايز اعرف اعمل ايه لو عايز اطلق زوجتي المقيمة برا البلد؟,Personal Status,divorce
ينفع ابدل بطاقة الرقم القومي بعد ما اتفقدت؟,Civil Affairs,national_id
لو سمحت عايز اعرف اطلع رخصة سيارة نقل تجاري؟,Traffic,vehicle_license
ينفع رسوم التسجيل الضريبي كام؟,Taxes,tax_registration
ينفع اعدل بيانات في رخصة المركبة؟,Traffic,vehicle_license
فين اروح علشان اطلع شهادة ميلاد لشخص متوفي؟,Civil Affairs,birth_certificate
ينفع مدة سقوط مخالفة المرور كام؟,Traffic,traffic_violations
انا تايه، عايز اعرف اطلق مراتي رسمي ازاي؟,Personal Status,divorce
انا تايه، عايز اعرف المستندات المطلوبة لتسوية ضريبة الدخل؟,Taxes,income_tax
عايز اعرف ازاي استعلم عن مخالفات عربية مش عربيتي؟,Traffic,traffic_violations
ممكن تقولي ازاي اوثق عقد جواز اونلاين؟,Personal Status,marriage
ممكن حد يفهمني القيمة المضافة بتتحصل على ايه بالظبط؟,Taxes,vat
انا محتاج اجدد البطاقة الضريبية بعد ما خلصت؟,Taxes,tax_card
هعمل ايه علشان اوثق اشهاد طلاق اونلاين؟,Personal Status,divorce
انا محتاج اعفاءات ضريبة الدخل ايه هي؟,Taxes,income_tax
عايز اعرف ازاي محتاج القيد الفردي علشان اقدم عليه فين؟,Civil Affairs,individual_record
عايز اعرف اعدل بيانات غلط في قسيمة الطلاق؟,Personal Status,divorce_certificate
انا تايه، عايز اعرف الكشف الطبي لرخصة القيادة بيتعمل فين؟,Traffic,driving_license
فين اروح علشان المستندات المطلوبة لاستخراج القيد العائلي؟,Civil Affairs,family_record
انا تايه، عايز اعرف اطلع قسيمة طلاق قديمة من الارشيف؟,Personal Status,divorce_certificate
فين اروح علشان اعدل الحالة الاجتماعية بعد وفاة الزوج؟,Personal Status,social_status
هعمل ايه علشان تحديث الحالة الاجتماعية بياخد قد ايه؟,Personal Status,social_status
ممكن تقولي ازاي المستندات المطلوبة لتسوية ضريبة الدخل؟,Taxes,income_tax
انا تايه، عايز اعرف رسوم رخصة السيارة كام؟,Traffic,vehicle_license
انا تايه، عايز اعرف افرق بين ضريبة الدخل والضريبة على الارباح؟,Taxes,income_tax
انا تايه، عايز اعرف عقد الجواز بياخد وقت قد ايه؟,Personal Status,marriage
ينفع استخرج البطاقة الضريبية؟,Taxes,tax_card
عايز اعرف المستندات المطلوبة للتسجيل الضريبي؟,Taxes,tax_registration
ممكن تقولي ازاي رسوم رخصة القيادة كام؟,Traffic,driving_license
عايز اعرف رسوم التسجيل الضريبي كام؟,Taxes,tax_registration
انا محتاج اترجم قسيمة الطلاق رسمي؟,Personal Status,divorce_certificate
لو سمحت عايز اعرف استخرج رخصة قيادة جديدة؟,Traffic,driving_license
انا محتاج استخرج شهادة ميلاد اونلاين؟,Civil Affairs,birth_certificate
ممكن تقولي ازاي اعفاءات ضريبة الدخل ايه هي؟,Taxes,income_tax
هعمل ايه علشان رسوم القيد الفردي كام؟,Civil Affairs,individual_record
انا تايه، عايز اعرف تسجيل المركبة بياخد وقت قد ايه؟,Traffic,vehicle_registration
انا تايه، عايز اعرف ضريبة الدخل على العمل الحر بتتحصل ازاي؟,Taxes,income_tax
ينفع اطلع بدل فاقد لشهادة الوفاة؟,Civil Affairs,death_certificate
عايز اعرف ازاي اتجوز واحدة اجنبية اعمل ايه في الاوراق؟,Personal Status,marriage
هعمل ايه علشان اعمل ايه علشان اقيد وفاة حصلت برا البلد؟,Civil Affairs,death_certificate
لو سمحت عايز اعرف اقدم على رخصة القيادة اونلاين؟,Traffic,driving_license
عايز اعرف خطوات تجديد الرخصة اونلاين ايه؟,Traffic,renewal
انا محتاج ضريبة الدخل على العمل الحر بتتحصل ازاي؟,Taxes,income_tax
انا تايه، عايز اعرف ابدل بطاقة الرقم القومي بعد ما اتفقدت؟,Civil Affairs,national_id
انا محتاج المستندات المطلوبة لاستخراج شهادة الوفاة؟,Civil Affairs,death_certificate
ينفع انقل ملكية عربية لشخص تاني؟,Traffic,vehicle_registration
لو سمحت عايز اعرف اقسط ضريبة الدخل المستحقة عليا؟,Taxes,income_tax
فين اروح علشان المستندات المطلوبة لعقد الزواج؟,Personal Status,marriage
لو سمحت عايز اعرف المستندات المطلوبة للاقرار الضريبي؟,Taxes,tax_return
ينفع اطلع شهادة ميلاد كمبيوتر بدل الاول؟,Civil Affairs,birth_certificate
عايز اعرف اقسط ضريبة الدخل المستحقة عليا؟,Taxes,income_tax
ممكن تقولي ازاي شهادة الميلاد المميكنة فرق ايه عن العادية؟,Civil Affairs,birth_certificate
ينفع اسجل ضريبيا اونلاين؟,Taxes,tax_registration
انا محتاج اعدل الحالة الاجتماعية بعد وفاة الزوج؟,Personal Status,social_status
هعمل ايه علشان اقدم على البطاقة القومي اونلاين؟,Civil Affairs,national_id
فين اروح علشان اطلع بطاقة ضريبية لمنشأة جديدة؟,Taxes,tax_card
انا تايه، عايز اعرف استخرج شهادة ميلاد اونلاين؟,Civil Affairs,birth_certificate
ينفع الحالة الاجتماعية في البطاقة بتتغير ازاي؟,Personal Status,social_status
انا تايه، عايز اعرف استخرج بطاقة الرقم القومي لأول مرة؟,Civil Affairs,national_id
عايز اعرف مواعيد تقديم الاقرار الضريبي امتى؟,Taxes,tax_return
عايز اعرف افتح ملف ضريبي لنشاط حر؟,Taxes,tax_registration
انا محتاج شرايح ضريبة الدخل الحالية ايه؟,Taxes,income_tax
فين اروح علشان المستندات المطلوبة لاستخراج شهادة الوفاة؟,Civil Affairs,death_certificate
عايز اعرف اعترض على مخالفة مرور غلط؟,Traffic,traffic_violations
هعمل ايه علشان مخالفات المرور بتتحسب ازاي؟,Traffic,traffic_violations
ينفع رخصة القيادة بتاخد وقت قد ايه؟,Traffic,driving_license
فين اروح علشان الفرق بين الطلاق والخلع ايه؟,Personal Status,divorce
ينفع اعدل بيانات في القيد الفردي؟,Civil Affairs,individual_record
لو سمحت عايز اعرف استخرج البطاقة الضريبية؟,Taxes,tax_card
عايز اعرف ازاي اقدم على البطاقة القومي اونلاين؟,Civil Affairs,national_id
فين اروح علشان البطاقة الضريبية بتاخد قد ايه؟,Taxes,tax_card
عايز اعرف ازاي اسجل نفسي في مصلحة الضرائب؟,Taxes,tax_registration
انا محتاج افرق قيدي عن قيد اهلي؟,Civil Affairs,family_record
عايز اعرف قسيمة الطلاق بتاخد وقت قد ايه؟,Personal Status,divorce_certificate
ممكن حد يفهمني اعمل ايه لو فاتت مدة تسجيل المولود؟,Civil Affairs,birth_certificate
هعمل ايه علشان اطلع بدل فاقد للبطاقة الضريبية؟,Taxes,tax_card
انا محتاج اقدم اقرار القيمة المضافة الشهري؟,Taxes,vat
انا تايه، عايز اعرف شهادة الوفاة بتتعمل فين بالظبط؟,Civil Affairs,death_certificate
ممكن تقولي ازاي اعرف اقرب مكتب سجل مدني لعمل البطاقة؟,Civil Affairs,national_id
عايز اعرف قسيمة الزواج بتاخد قد ايه؟,Personal Status,marriage_certificate
عايز اعرف الاقرار الضريبي للشركات فرق ايه عن الافراد؟,Taxes,tax_return
لو سمحت عايز اعرف اعدل بيانات خطأ في شهادة الوفاة؟,Civil Affairs,death_certificate
فين اروح علشان اسجل شركتي الجديدة ضريبيا؟,Taxes,tax_registration
هعمل ايه علشان قسيمة الزواج بتاخد قد ايه؟,Personal Status,marriage_certificate
عايز اعرف افرق قيدي عن قيد اهلي؟,Civil Affairs,family_record
انا تايه، عايز اعرف اعفاءات ضريبة الدخل ايه هي؟,Taxes,income_tax
انا محتاج رسوم القيد الفردي كام؟,Civil Affairs,individual_record
فين اروح علشان اعدل بيانات في شهادة الميلاد؟,Civil Affairs,birth_certificate
عايز اعرف اقسط غرامة مخالفات المرور؟,Traffic,traffic_violations
ممكن حد يفهمني اعدل اقرار القيمة المضافة بعد التقديم؟,Taxes,vat
هعمل ايه علشان محتاج القيد الفردي علشان اقدم عليه فين؟,Civil Affairs,individual_record
عايز اعرف اعدل الحالة الاجتماعية بعد وفاة الزوج؟,Personal Status,social_status
